Workbook

Sheet Entradas
A1: ENTRADA DE MATERIAL
A2: CODIGO DE MATERIAL | B2: DATA DE ENTRADA | C2: QDE. | D2: NSD | E2: Coluna5 | F2: QTD.ATUAL | G2: CODIGO EQUIVALENTE | H2: LOCAL
A3: 100C09C200 | B3: 05/12/2024 - AJUSTE | C3: 6 | E3: =IF(ISBLANK(A3),"",C3*D3) -> 0 | F3: =IF(ISERROR(VLOOKUP(A3,'Controle de Estoque'!A:I,1,FALSE)),"",VLOOKUP(A3,'Controle de Estoque'!A:I,4,FALSE)) -> 6 | G3: =IF(ISBLANK(A3),"",IF(ISERROR(VLOOKUP(A3,'Controle de Estoque'!A:I,1,FALSE)),"Produto não cadastrado",VLOOKUP(A3,'Controle de Estoque'!A:I,2,FALSE))) -> 100C09C200 | H3: =IF(ISERROR(VLOOKUP(A3,'Controle de Estoque'!A:I,1,FALSE)),"",VLOOKUP(A3,'Controle de Estoque'!A:I,3,FALSE)) -> F 34
A4: 100C09EJ10 | B4: 05/12/2024 - AJUSTE | C4: 0 | E4: =IF(ISBLANK(A4),"",C4*D4) -> 0 | F4: =IF(ISERROR(VLOOKUP(A4,'Controle de Estoque'!A:I,1,FALSE)),"",VLOOKUP(A4,'Controle de Estoque'!A:I,4,FALSE)) -> 0 | G4: =IF(ISBLANK(A4),"",IF(ISERROR(VLOOKUP(A4,'Controle de Estoque'!A:I,1,FALSE)),"Produto não cadastrado",VLOOKUP(A4,'Controle de Estoque'!A:I,2,FALSE))) -> 100C09EJ10 | H4: =IF(ISERROR(VLOOKUP(A4,'Controle de Estoque'!A:I,1,FALSE)),"",VLOOKUP(A4,'Controle de Estoque'!A:I,3,FALSE)) -> F 34
A5: 100C16DJ10 | B5: 05/12/2024 - AJUSTE | C5: 0 | E5: =IF(ISBLANK(A5),"",C5*D5) -> 0 | F5: =IF(ISERROR(VLOOKUP(A5,'Controle de Estoque'!A:I,1,FALSE)),"",VLOOKUP(A5,'Controle de Estoque'!A:I,4,FALSE)) -> 0 | G5: =IF(ISBLANK(A5),"",IF(ISERROR(VLOOKUP(A5,'Controle de Estoque'!A:I,1,FALSE)),"Produto não cadastrado",VLOOKUP(A5,'Controle de Estoque'!A:I,2,FALSE))) -> 100C16DJ10 | H5: =IF(ISERROR(VLOOKUP(A5,'Controle de Estoque'!A:I,1,FALSE)),"",VLOOKUP(A5,'Controle de Estoque'!A:I,3,FALSE)) -> F 34
A6: 100C23D10 | B6: 05/12/2024 - AJUSTE | C6: 1 | E6: =IF(ISBLANK(A6),"",C6*D6) -> 0 | F6: =IF(ISERROR(VLOOKUP(A6,'Controle de Estoque'!A:I,1,FALSE)),"",VLOOKUP(A6,'Controle de Estoque'!A:I,4,FALSE)) -> 1 | G6: =IF(ISBLANK(A6),"",IF(ISERROR(VLOOKUP(A6,'Controle de Estoque'!A:I,1,FALSE)),"Produto não cadastrado",VLOOKUP(A6,'Controle de Estoque'!A:I,2,FALSE))) -> 100C23D10 | H6: =IF(ISERROR(VLOOKUP(A6,'Controle de Estoque'!A:I,1,FALSE)),"",VLOOKUP(A6,'Controle de Estoque'!A:I,3,FALSE)) -> F
A7: 100C23DJ10 | B7: 05/12/2024 - AJUSTE | C7: 3 | E7: =IF(ISBLANK(A7),"",C7*D7) -> 0 | F7: =IF(ISERROR(VLOOKUP(A7,'Controle de Estoque'!A:I,1,FALSE)),"",VLOOKUP(A7,'Controle de Estoque'!A:I,4,FALSE)) -> 3 | G7: =IF(ISBLANK(A7),"",IF(ISERROR(VLOOKUP(A7,'Controle de Estoque'!A:I,1,FALSE)),"Produto não cadastrado",VLOOKUP(A7,'Controle de Estoque'!A:I,2,FALSE))) -> 100C23DJ10 | H7: =IF(ISERROR(VLOOKUP(A7,'Controle de Estoque'!A:I,1,FALSE)),"",VLOOKUP(A7,'Controle de Estoque'!A:I,3,FALSE)) -> F 34
A8: 100C23EJ10 | B8: 05/12/2024 - AJUSTE | C8: 0 | E8: =IF(ISBLANK(A8),"",C8*D8) -> 0 | F8: =IF(ISERROR(VLOOKUP(A8,'Controle de Estoque'!A:I,1,FALSE)),"",VLOOKUP(A8,'Controle de Estoque'!A:I,4,FALSE)) -> 0 | G8: =IF(ISBLANK(A8),"",IF(ISERROR(VLOOKUP(A8,'Controle de Estoque'!A:I,1,FALSE)),"Produto não cadastrado",VLOOKUP(A8,'Controle de Estoque'!A:I,2,FALSE))) -> 100C23EJ10 | H8: =IF(ISERROR(VLOOKUP(A8,'Controle de Estoque'!A:I,1,FALSE)),"",VLOOKUP(A8,'Controle de Estoque'!A:I,3,FALSE)) -> F 34
A9: 100C23ZJ10 | B9: 05/12/2024 - AJUSTE | C9: 6 | E9: =IF(ISBLANK(A9),"",C9*D9) -> 0 | F9: =IF(ISERROR(VLOOKUP(A9,'Controle de Estoque'!A:I,1,FALSE)),"",VLOOKUP(A9,'Controle de Estoque'!A:I,4,FALSE)) -> 6 | G9: =IF(ISBLANK(A9),"",IF(ISERROR(VLOOKUP(A9,'Controle de Estoque'!A:I,1,FALSE)),"Produto não cadastrado",VLOOKUP(A9,'Controle de Estoque'!A:I,2,FALSE))) -> 100C23ZJ10 | H9: =IF(ISERROR(VLOOKUP(A9,'Controle de Estoque'!A:I,1,FALSE)),"",VLOOKUP(A9,'Controle de Estoque'!A:I,3,FALSE)) -> F 34
A10: 100C30D10 | B10: 05/12/2024 - AJUSTE | C10: 1 | E10: =IF(ISBLANK(A10),"",C10*D10) -> 0 | F10: =IF(ISERROR(VLOOKUP(A10,'Controle de Estoque'!A:I,1,FALSE)),"",VLOOKUP(A10,'Controle de Estoque'!A:I,4,FALSE)) -> 1 | G10: =IF(ISBLANK(A10),"",IF(ISERROR(VLOOKUP(A10,'Controle de Estoque'!A:I,1,FALSE)),"Produto não cadastrado",VLOOKUP(A10,'Controle de Estoque'!A:I,2,FALSE))) -> 100C30D10 | H10: =IF(ISERROR(VLOOKUP(A10,'Controle de Estoque'!A:I,1,FALSE)),"",VLOOKUP(A10,'Controle de Estoque'!A:I,3,FALSE)) -> F
A11: 100C30DJ10 | B11: 05/12/2024 - AJUSTE | C11: 1 | E11: =IF(ISBLANK(A11),"",C11*D11) -> 0 | F11: =IF(ISERROR(VLOOKUP(A11,'Controle de Estoque'!A:I,1,FALSE)),"",VLOOKUP(A11,'Controle de Estoque'!A:I,4,FALSE)) -> 1 | G11: =IF(ISBLANK(A11),"",IF(ISERROR(VLOOKUP(A11,'Controle de Estoque'!A:I,1,FALSE)),"Produto não cadastrado",VLOOKUP(A11,'Controle de Estoque'!A:I,2,FALSE))) -> 100C30DJ10 | H11: =IF(ISERROR(VLOOKUP(A11,'Controle de Estoque'!A:I,1,FALSE)),"",VLOOKUP(A11,'Controle de Estoque'!A:I,3,FALSE)) -> F 34
A12: 100C37DJ10 | B12: 05/12/2024 - AJUSTE | C12: 1 | E12: =IF(ISBLANK(A12),"",C12*D12) -> 0 | F12: =IF(ISERROR(VLOOKUP(A12,'Controle de Estoque'!A:I,1,FALSE)),"",VLOOKUP(A12,'Controle de Estoque'!A:I,4,FALSE)) -> 1 | G12: =IF(ISBLANK(A12),"",IF(ISERROR(VLOOKUP(A12,'Controle de Estoque'!A:I,1,FALSE)),"Produto não cadastrado",VLOOKUP(A12,'Controle de Estoque'!A:I,2,FALSE))) -> 100C37DJ10 | H12: =IF(ISERROR(VLOOKUP(A12,'Controle de Estoque'!A:I,1,FALSE)),"",VLOOKUP(A12,'Controle de Estoque'!A:I,3,FALSE)) -> F 34
A13: 100C43D00 | B13: 05/12/2024 - AJUSTE | C13: 0 | E13: =IF(ISBLANK(A13),"",C13*D13) -> 0 | F13: =IF(ISERROR(VLOOKUP(A13,'Controle de Estoque'!A:I,1,FALSE)),"",VLOOKUP(A13,'Controle de Estoque'!A:I,4,FALSE)) -> 0 | G13: =IF(ISBLANK(A13),"",IF(ISERROR(VLOOKUP(A13,'Controle de Estoque'!A:I,1,FALSE)),"Produto não cadastrado",VLOOKUP(A13,'Controle de Estoque'!A:I,2,FALSE))) -> 100C43D00 | H13: =IF(ISERROR(VLOOKUP(A13,'Controle de Estoque'!A:I,1,FALSE)),"",VLOOKUP(A13,'Controle de Estoque'!A:I,3,FALSE)) -> F 34
A14: 100C72KF00 | B14: 05/12/2024 - AJUSTE | C14: 0 | E14: =IF(ISBLANK(A14),"",C14*D14) -> 0 | F14: =IF(ISERROR(VLOOKUP(A14,'Controle de Estoque'!A:I,1,FALSE)),"",VLOOKUP(A14,'Controle de Estoque'!A:I,4,FALSE)) -> 0 | G14: =IF(ISBLANK(A14),"",IF(ISERROR(VLOOKUP(A14,'Controle de Estoque'!A:I,1,FALSE)),"Produto não cadastrado",VLOOKUP(A14,'Controle de Estoque'!A:I,2,FALSE))) -> 100C72KF00 | H14: =IF(ISERROR(VLOOKUP(A14,'Controle de Estoque'!A:I,1,FALSE)),"",VLOOKUP(A14,'Controle de Estoque'!A:I,3,FALSE)) -> F 34
... A273: 1606XLRED40 | B273: 05/12/2024 - AJUSTE | C273: 1 | E273: =IF(ISBLANK(A273),"",C273*D273) -> 0 | F273: =IF(ISERROR(VLOOKUP(A273,'Controle de Estoque'!A:I,1,FALSE)),"",VLOOKUP(A273,'Controle de Estoque'!A:I,4,FALSE)) -> 1 | G273: =IF(ISBLANK(A273),"",IF(ISERROR(VLOOKUP(A273,'Controle de Estoque'!A:I,1,FALSE)),"Produto não cadastrado",VLOOKUP(A273,'Controle de Estoque'!A:I,2,FALSE))) -> 1606XLRED40 | H273: =IF(ISERROR(VLOOKUP(A273,'Controle de Estoque'!A:I,1,FALSE)),"",VLOOKUP(A273,'Controle de Estoque'!A:I,3,FALSE)) -> F 14
A274: 1606XLS120E | B274: 05/12/2024 - AJUSTE | C274: 0 | D274: CERTO | E274: =IF(ISBLANK(A274),"",C274*D274) -> #VALUE! | F274: =IF(ISERROR(VLOOKUP(A274,'Controle de Estoque'!A:I,1,FALSE)),"",VLOOKUP(A274,'Controle de Estoque'!A:I,4,FALSE)) -> 0 | G274: =IF(ISBLANK(A274),"",IF(ISERROR(VLOOKUP(A274,'Controle de Estoque'!A:I,1,FALSE)),"Produto não cadastrado",VLOOKUP(A274,'Controle de Estoque'!A:I,2,FALSE))) -> 1606XLS120E | H274: =IF(ISERROR(VLOOKUP(A274,'Controle de Estoque'!A:I,1,FALSE)),"",VLOOKUP(A274,'Controle de Estoque'!A:I,3,FALSE)) -> F 14
A275: 1606XLS240E | B275: 05/12/2024 - AJUSTE | C275: 0 | E275: =IF(ISBLANK(A275),"",C275*D275) -> 0 | F275: =IF(ISERROR(VLOOKUP(A275,'Controle de Estoque'!A:I,1,FALSE)),"",VLOOKUP(A275,'Controle de Estoque'!A:I,4,FALSE)) -> 0 | G275: =IF(ISBLANK(A275),"",IF(ISERROR(VLOOKUP(A275,'Controle de Estoque'!A:I,1,FALSE)),"Produto não cadastrado",VLOOKUP(A275,'Controle de Estoque'!A:I,2,FALSE))) -> 1606XLS240E | H275: =IF(ISERROR(VLOOKUP(A275,'Controle de Estoque'!A:I,1,FALSE)),"",VLOOKUP(A275,'Controle de Estoque'!A:I,3,FALSE)) -> F 14
A276: 1606XLS480E3 | B276: 05/12/2024 - AJUSTE | C276: 0 | E276: =IF(ISBLANK(A276),"",C276*D276) -> 0 | F276: =IF(ISERROR(VLOOKUP(A276,'Controle de Estoque'!A:I,1,FALSE)),"",VLOOKUP(A276,'Controle de Estoque'!A:I,4,FALSE)) -> 0 | G276: =IF(ISBLANK(A276),"",IF(ISERROR(VLOOKUP(A276,'Controle de Estoque'!A:I,1,FALSE)),"Produto não cadastrado",VLOOKUP(A276,'Controle de Estoque'!A:I,2,FALSE))) -> 1606XLS480E3 | H276: =IF(ISERROR(VLOOKUP(A276,'Controle de Estoque'!A:I,1,FALSE)),"",VLOOKUP(A276,'Controle de Estoque'!A:I,3,FALSE)) -> F 14
A277: 1609U500E | B277: 05/12/2024 - AJUSTE | C277: 0 | E277: =IF(ISBLANK(A277),"",C277*D277) -> 0 | F277: =IF(ISERROR(VLOOKUP(A277,'Controle de Estoque'!A:I,1,FALSE)),"",VLOOKUP(A277,'Controle de Estoque'!A:I,4,FALSE)) -> 0 | G277: =IF(ISBLANK(A277),"",IF(ISERROR(VLOOKUP(A277,'Controle de Estoque'!A:I,1,FALSE)),"Produto não cadastrado",VLOOKUP(A277,'Controle de Estoque'!A:I,2,FALSE))) -> 1609U500E | H277: =IF(ISERROR(VLOOKUP(A277,'Controle de Estoque'!A:I,1,FALSE)),"",VLOOKUP(A277,'Controle de Estoque'!A:I,3,FALSE)) -> F
A278: 160DN2 | B278: 05/12/2024 - AJUSTE | C278: 1 | E278: =IF(ISBLANK(A278),"",C278*D278) -> 0 | F278: =IF(ISERROR(VLOOKUP(A278,'Controle de Estoque'!A:I,1,FALSE)),"",VLOOKUP(A278,'Controle de Estoque'!A:I,4,FALSE)) -> 1 | G278: =IF(ISBLANK(A278),"",IF(ISERROR(VLOOKUP(A278,'Controle de Estoque'!A:I,1,FALSE)),"Produto não cadastrado",VLOOKUP(A278,'Controle de Estoque'!A:I,2,FALSE))) -> 160DN2 | H278: =IF(ISERROR(VLOOKUP(A278,'Controle de Estoque'!A:I,1,FALSE)),"",VLOOKUP(A278,'Controle de Estoque'!A:I,3,FALSE)) -> F
A279: 165LTTM5TM5 | B279: 05/12/2024 - AJUSTE | C279: 18 | E279: =IF(ISBLANK(A279),"",C279*D279) -> 0 | F279: =IF(ISERROR(VLOOKUP(A279,'Controle de Estoque'!A:I,1,FALSE)),"",VLOOKUP(A279,'Controle de Estoque'!A:I,4,FALSE)) -> 18 | G279: =IF(ISBLANK(A279),"",IF(ISERROR(VLOOKUP(A279,'Controle de Estoque'!A:I,1,FALSE)),"Produto não cadastrado",VLOOKUP(A279,'Controle de Estoque'!A:I,2,FALSE))) -> 1SNA216110R2200 | H279: =IF(ISERROR(VLOOKUP(A279,'Controle de Estoque'!A:I,1,FALSE)),"",VLOOKUP(A279,'Controle de Estoque'!A:I,3,FALSE)) -> N/A
A280: 1694-PFA1244 | B280: 05/12/2024 - AJUSTE | C280: 5 | E280: =IF(ISBLANK(A280),"",C280*D280) -> 0 | F280: =IF(ISERROR(VLOOKUP(A280,'Controle de Estoque'!A:I,1,FALSE)),"",VLOOKUP(A280,'Controle de Estoque'!A:I,4,FALSE)) -> 5 | G280: =IF(ISBLANK(A280),"",IF(ISERROR(VLOOKUP(A280,'Controle de Estoque'!A:I,1,FALSE)),"Produto não cadastrado",VLOOKUP(A280,'Controle de Estoque'!A:I,2,FALSE))) -> 1694-PFA1244 | H280: =IF(ISERROR(VLOOKUP(A280,'Controle de Estoque'!A:I,1,FALSE)),"",VLOOKUP(A280,'Controle de Estoque'!A:I,3,FALSE)) -> F
A281: 16NHG000B690 | B281: 05/12/2024 - AJUSTE | C281: 2 | E281: =IF(ISBLANK(A281),"",C281*D281) -> 0 | F281: =IF(ISERROR(VLOOKUP(A281,'Controle de Estoque'!A:I,1,FALSE)),"",VLOOKUP(A281,'Controle de Estoque'!A:I,4,FALSE)) -> 2 | G281: =IF(ISBLANK(A281),"",IF(ISERROR(VLOOKUP(A281,'Controle de Estoque'!A:I,1,FALSE)),"Produto não cadastrado",VLOOKUP(A281,'Controle de Estoque'!A:I,2,FALSE))) -> 16NHG000B690 | H281: =IF(ISERROR(VLOOKUP(A281,'Controle de Estoque'!A:I,1,FALSE)),"",VLOOKUP(A281,'Controle de Estoque'!A:I,3,FALSE)) -> N/A
A282: 170M1518 | B282: 05/12/2024 - AJUSTE | C282: 1 | E282: =IF(ISBLANK(A282),"",C282*D282) -> 0 | F282: =IF(ISERROR(VLOOKUP(A282,'Controle de Estoque'!A:I,1,FALSE)),"",VLOOKUP(A282,'Controle de Estoque'!A:I,4,FALSE)) -> 1 | G282: =IF(ISBLANK(A282),"",IF(ISERROR(VLOOKUP(A282,'Controle de Estoque'!A:I,1,FALSE)),"Produto não cadastrado",VLOOKUP(A282,'Controle de Estoque'!A:I,2,FALSE))) -> 170M1518 | H282: =IF(ISERROR(VLOOKUP(A282,'Controle de Estoque'!A:I,1,FALSE)),"",VLOOKUP(A282,'Controle de Estoque'!A:I,3,FALSE)) -> N/A
A283: 170M1558ABB | B283: 05/12/2024 - AJUSTE | C283: 0 | E283: =IF(ISBLANK(A283),"",C283*D283) -> 0 | F283: =IF(ISERROR(VLOOKUP(A283,'Controle de Estoque'!A:I,1,FALSE)),"",VLOOKUP(A283,'Controle de Estoque'!A:I,4,FALSE)) -> 0 | G283: =IF(ISBLANK(A283),"",IF(ISERROR(VLOOKUP(A283,'Controle de Estoque'!A:I,1,FALSE)),"Produto não cadastrado",VLOOKUP(A283,'Controle de Estoque'!A:I,2,FALSE))) -> 1SCA080880R1001 | H283: =IF(ISERROR(VLOOKUP(A283,'Controle de Estoque'!A:I,1,FALSE)),"",VLOOKUP(A283,'Controle de Estoque'!A:I,3,FALSE)) -> D 26
A284: 170M1560ABB | B284: 05/12/2024 - AJUSTE | C284: 0 | E284: =IF(ISBLANK(A284),"",C284*D284) -> 0 | F284: =IF(ISERROR(VLOOKUP(A284,'Controle de Estoque'!A:I,1,FALSE)),"",VLOOKUP(A284,'Controle de Estoque'!A:I,4,FALSE)) -> 0 | G284: =IF(ISBLANK(A284),"",IF(ISERROR(VLOOKUP(A284,'Controle de Estoque'!A:I,1,FALSE)),"Produto não cadastrado",VLOOKUP(A284,'Controle de Estoque'!A:I,2,FALSE))) -> 1SCA080882R1001 | H284: =IF(ISERROR(VLOOKUP(A284,'Controle de Estoque'!A:I,1,FALSE)),"",VLOOKUP(A284,'Controle de Estoque'!A:I,3,FALSE)) -> D 26
A285: 170M1561ABB | B285: 05/12/2024 - AJUSTE | C285: 0 | E285: =IF(ISBLANK(A285),"",C285*D285) -> 0 | F285: =IF(ISERROR(VLOOKUP(A285,'Controle de Estoque'!A:I,1,FALSE)),"",VLOOKUP(A285,'Controle de Estoque'!A:I,4,FALSE)) -> 3 | G285: =IF(ISBLANK(A285),"",IF(ISERROR(VLOOKUP(A285,'Controle de Estoque'!A:I,1,FALSE)),"Produto não cadastrado",VLOOKUP(A285,'Controle de Estoque'!A:I,2,FALSE))) -> 1SCA080883R1001 | H285: =IF(ISERROR(VLOOKUP(A285,'Controle de Estoque'!A:I,1,FALSE)),"",VLOOKUP(A285,'Controle de Estoque'!A:I,3,FALSE)) -> D 26
A286: 170M1562ABB | B286: 05/12/2024 - AJUSTE | C286: 1 | E286: =IF(ISBLANK(A286),"",C286*D286) -> 0 | F286: =IF(ISERROR(VLOOKUP(A286,'Controle de Estoque'!A:I,1,FALSE)),"",VLOOKUP(A286,'Controle de Estoque'!A:I,4,FALSE)) -> 1 | G286: =IF(ISBLANK(A286),"",IF(ISERROR(VLOOKUP(A286,'Controle de Estoque'!A:I,1,FALSE)),"Produto não cadastrado",VLOOKUP(A286,'Controle de Estoque'!A:I,2,FALSE))) -> 1SCA080884R1001 | H286: =IF(ISERROR(VLOOKUP(A286,'Controle de Estoque'!A:I,1,FALSE)),"",VLOOKUP(A286,'Controle de Estoque'!A:I,3,FALSE)) -> D 26
... A288: 170M1564ABB | B288: 05/12/2024 - AJUSTE | C288: 0 | E288: =IF(ISBLANK(A288),"",C288*D288) -> 0 | F288: =IF(ISERROR(VLOOKUP(A288,'Controle de Estoque'!A:I,1,FALSE)),"",VLOOKUP(A288,'Controle de Estoque'!A:I,4,FALSE)) -> 0 | G288: =IF(ISBLANK(A288),"",IF(ISERROR(VLOOKUP(A288,'Controle de Estoque'!A:I,1,FALSE)),"Produto não cadastrado",VLOOKUP(A288,'Controle de Estoque'!A:I,2,FALSE))) -> 1SCA080886R1001 | H288: =IF(ISERROR(VLOOKUP(A288,'Controle de Estoque'!A:I,1,FALSE)),"",VLOOKUP(A288,'Controle de Estoque'!A:I,3,FALSE)) -> D 26
A289: 170M1565ABB | B289: 05/12/2024 - AJUSTE | C289: 18 | D289: CERTO | E289: =IF(ISBLANK(A289),"",C289*D289) -> #VALUE! | F289: =IF(ISERROR(VLOOKUP(A289,'Controle de Estoque'!A:I,1,FALSE)),"",VLOOKUP(A289,'Controle de Estoque'!A:I,4,FALSE)) -> 15 | G289: =IF(ISBLANK(A289),"",IF(ISERROR(VLOOKUP(A289,'Controle de Estoque'!A:I,1,FALSE)),"Produto não cadastrado",VLOOKUP(A289,'Controle de Estoque'!A:I,2,FALSE))) -> 1SCA080887R1001 | H289: =IF(ISERROR(VLOOKUP(A289,'Controle de Estoque'!A:I,1,FALSE)),"",VLOOKUP(A289,'Controle de Estoque'!A:I,3,FALSE)) -> D 20
A290: 170M1566ABB | B290: 05/12/2024 - AJUSTE | C290: 6 | E290: =IF(ISBLANK(A290),"",C290*D290) -> 0 | F290: =IF(ISERROR(VLOOKUP(A290,'Controle de Estoque'!A:I,1,FALSE)),"",VLOOKUP(A290,'Controle de Estoque'!A:I,4,FALSE)) -> 3 | G290: =IF(ISBLANK(A290),"",IF(ISERROR(VLOOKUP(A290,'Controle de Estoque'!A:I,1,FALSE)),"Produto não cadastrado",VLOOKUP(A290,'Controle de Estoque'!A:I,2,FALSE))) -> 1SCA080888R1001 | H290: =IF(ISERROR(VLOOKUP(A290,'Controle de Estoque'!A:I,1,FALSE)),"",VLOOKUP(A290,'Controle de Estoque'!A:I,3,FALSE)) -> D 26
A291: 170M1567ABB | B291: 05/12/2024 - AJUSTE | C291: 0 | E291: =IF(ISBLANK(A291),"",C291*D291) -> 0 | F291: =IF(ISERROR(VLOOKUP(A291,'Controle de Estoque'!A:I,1,FALSE)),"",VLOOKUP(A291,'Controle de Estoque'!A:I,4,FALSE)) -> 0 | G291: =IF(ISBLANK(A291),"",IF(ISERROR(VLOOKUP(A291,'Controle de Estoque'!A:I,1,FALSE)),"Produto não cadastrado",VLOOKUP(A291,'Controle de Estoque'!A:I,2,FALSE))) -> 1SCA080889R1001 | H291: =IF(ISERROR(VLOOKUP(A291,'Controle de Estoque'!A:I,1,FALSE)),"",VLOOKUP(A291,'Controle de Estoque'!A:I,3,FALSE)) -> D 26
A292: 170M1568ABB | B292: 05/12/2024 - AJUSTE | C292: 0 | E292: =IF(ISBLANK(A292),"",C292*D292) -> 0 | F292: =IF(ISERROR(VLOOKUP(A292,'Controle de Estoque'!A:I,1,FALSE)),"",VLOOKUP(A292,'Controle de Estoque'!A:I,4,FALSE)) -> 3 | G292: =IF(ISBLANK(A292),"",IF(ISERROR(VLOOKUP(A292,'Controle de Estoque'!A:I,1,FALSE)),"Produto não cadastrado",VLOOKUP(A292,'Controle de Estoque'!A:I,2,FALSE))) -> 1SCA080890R1001 | H292: =IF(ISERROR(VLOOKUP(A292,'Controle de Estoque'!A:I,1,FALSE)),"",VLOOKUP(A292,'Controle de Estoque'!A:I,3,FALSE)) -> D 26
A293: 170M1569ABB | B293: 05/12/2024 - AJUSTE | C293: 12 | E293: =IF(ISBLANK(A293),"",C293*D293) -> 0 | F293: =IF(ISERROR(VLOOKUP(A293,'Controle de Estoque'!A:I,1,FALSE)),"",VLOOKUP(A293,'Controle de Estoque'!A:I,4,FALSE)) -> 12 | G293: =IF(ISBLANK(A293),"",IF(ISERROR(VLOOKUP(A293,'Controle de Estoque'!A:I,1,FALSE)),"Produto não cadastrado",VLOOKUP(A293,'Controle de Estoque'!A:I,2,FALSE))) -> 1SCA080891R1001 | H293: =IF(ISERROR(VLOOKUP(A293,'Controle de Estoque'!A:I,1,FALSE)),"",VLOOKUP(A293,'Controle de Estoque'!A:I,3,FALSE)) -> D 26
A294: 170M1570ABB | B294: 05/12/2024 - AJUSTE | C294: 6 | E294: =IF(ISBLANK(A294),"",C294*D294) -> 0 | F294: =IF(ISERROR(VLOOKUP(A294,'Controle de Estoque'!A:I,1,FALSE)),"",VLOOKUP(A294,'Controle de Estoque'!A:I,4,FALSE)) -> 5 | G294: =IF(ISBLANK(A294),"",IF(ISERROR(VLOOKUP(A294,'Controle de Estoque'!A:I,1,FALSE)),"Produto não cadastrado",VLOOKUP(A294,'Controle de Estoque'!A:I,2,FALSE))) -> 1SCA080892R1001 | H294: =IF(ISERROR(VLOOKUP(A294,'Controle de Estoque'!A:I,1,FALSE)),"",VLOOKUP(A294,'Controle de Estoque'!A:I,3,FALSE)) -> D 26
A295: 170M1572ABB | B295: 05/12/2024 - AJUSTE | C295: 0 | E295: =IF(ISBLANK(A295),"",C295*D295) -> 0 | F295: =IF(ISERROR(VLOOKUP(A295,'Controle de Estoque'!A:I,1,FALSE)),"",VLOOKUP(A295,'Controle de Estoque'!A:I,4,FALSE)) -> 0 | G295: =IF(ISBLANK(A295),"",IF(ISERROR(VLOOKUP(A295,'Controle de Estoque'!A:I,1,FALSE)),"Produto não cadastrado",VLOOKUP(A295,'Controle de Estoque'!A:I,2,FALSE))) -> 1SCA080894R1001 | H295: =IF(ISERROR(VLOOKUP(A295,'Controle de Estoque'!A:I,1,FALSE)),"",VLOOKUP(A295,'Controle de Estoque'!A:I,3,FALSE)) -> D 26
A296: 170M3813 | B296: 05/12/2024 - AJUSTE | C296: 6 | E296: =IF(ISBLANK(A296),"",C296*D296) -> 0 | F296: =IF(ISERROR(VLOOKUP(A296,'Controle de Estoque'!A:I,1,FALSE)),"",VLOOKUP(A296,'Controle de Estoque'!A:I,4,FALSE)) -> 6 | G296: =IF(ISBLANK(A296),"",IF(ISERROR(VLOOKUP(A296,'Controle de Estoque'!A:I,1,FALSE)),"Produto não cadastrado",VLOOKUP(A296,'Controle de Estoque'!A:I,2,FALSE))) -> 170M3813 | H296: =IF(ISERROR(VLOOKUP(A296,'Controle de Estoque'!A:I,1,FALSE)),"",VLOOKUP(A296,'Controle de Estoque'!A:I,3,FALSE)) -> D 26
A297: 170M3814ABB | B297: 05/12/2024 - AJUSTE | C297: 6 | D297: CERTO | E297: =IF(ISBLANK(A297),"",C297*D297) -> #VALUE! | F297: =IF(ISERROR(VLOOKUP(A297,'Controle de Estoque'!A:I,1,FALSE)),"",VLOOKUP(A297,'Controle de Estoque'!A:I,4,FALSE)) -> 6 | G297: =IF(ISBLANK(A297),"",IF(ISERROR(VLOOKUP(A297,'Controle de Estoque'!A:I,1,FALSE)),"Produto não cadastrado",VLOOKUP(A297,'Controle de Estoque'!A:I,2,FALSE))) -> 170M3814ABB | H297: =IF(ISERROR(VLOOKUP(A297,'Controle de Estoque'!A:I,1,FALSE)),"",VLOOKUP(A297,'Controle de Estoque'!A:I,3,FALSE)) -> N/A
A298: 170M3816ABB | B298: 05/12/2024 - AJUSTE | C298: 6 | E298: =IF(ISBLANK(A298),"",C298*D298) -> 0 | F298: =IF(ISERROR(VLOOKUP(A298,'Controle de Estoque'!A:I,1,FALSE)),"",VLOOKUP(A298,'Controle de Estoque'!A:I,4,FALSE)) -> 5 | G298: =IF(ISBLANK(A298),"",IF(ISERROR(VLOOKUP(A298,'Controle de Estoque'!A:I,1,FALSE)),"Produto não cadastrado",VLOOKUP(A298,'Controle de Estoque'!A:I,2,FALSE))) -> 1SCA080902R1001 | H298: =IF(ISERROR(VLOOKUP(A298,'Controle de Estoque'!A:I,1,FALSE)),"",VLOOKUP(A298,'Controle de Estoque'!A:I,3,FALSE)) -> D 26
A299: 170M3817ABB | B299: 05/12/2024 - AJUSTE | C299: 2 | E299: =IF(ISBLANK(A299),"",C299*D299) -> 0 | F299: =IF(ISERROR(VLOOKUP(A299,'Controle de Estoque'!A:I,1,FALSE)),"",VLOOKUP(A299,'Controle de Estoque'!A:I,4,FALSE)) -> 2 | G299: =IF(ISBLANK(A299),"",IF(ISERROR(VLOOKUP(A299,'Controle de Estoque'!A:I,1,FALSE)),"Produto não cadastrado",VLOOKUP(A299,'Controle de Estoque'!A:I,2,FALSE))) -> 1SCA080903R1001 | H299: =IF(ISERROR(VLOOKUP(A299,'Controle de Estoque'!A:I,1,FALSE)),"",VLOOKUP(A299,'Controle de Estoque'!A:I,3,FALSE)) -> D 26
A300: 170M3819ABB | B300: 05/12/2024 - AJUSTE | C300: 0 | E300: =IF(ISBLANK(A300),"",C300*D300) -> 0 | F300: =IF(ISERROR(VLOOKUP(A300,'Controle de Estoque'!A:I,1,FALSE)),"",VLOOKUP(A300,'Controle de Estoque'!A:I,4,FALSE)) -> 0 | G300: =IF(ISBLANK(A300),"",IF(ISERROR(VLOOKUP(A300,'Controle de Estoque'!A:I,1,FALSE)),"Produto não cadastrado",VLOOKUP(A300,'Controle de Estoque'!A:I,2,FALSE))) -> 1SCA080905R1001 | H300: =IF(ISERROR(VLOOKUP(A300,'Controle de Estoque'!A:I,1,FALSE)),"",VLOOKUP(A300,'Controle de Estoque'!A:I,3,FALSE)) -> D 26
A301: 170M5015 | B301: 05/12/2024 - AJUSTE | C301: 1 | E301: =IF(ISBLANK(A301),"",C301*D301) -> 0 | F301: =IF(ISERROR(VLOOKUP(A301,'Controle de Estoque'!A:I,1,FALSE)),"",VLOOKUP(A301,'Controle de Estoque'!A:I,4,FALSE)) -> 1 | G301: =IF(ISBLANK(A301),"",IF(ISERROR(VLOOKUP(A301,'Controle de Estoque'!A:I,1,FALSE)),"Produto não cadastrado",VLOOKUP(A301,'Controle de Estoque'!A:I,2,FALSE))) -> 170M5015 | H301: =IF(ISERROR(VLOOKUP(A301,'Controle de Estoque'!A:I,1,FALSE)),"",VLOOKUP(A301,'Controle de Estoque'!A:I,3,FALSE)) -> D 26
A302: 170M5808ABB | B302: 05/12/2024 - AJUSTE | C302: 3 | E302: =IF(ISBLANK(A302),"",C302*D302) -> 0 | F302: =IF(ISERROR(VLOOKUP(A302,'Controle de Estoque'!A:I,1,FALSE)),"",VLOOKUP(A302,'Controle de Estoque'!A:I,4,FALSE)) -> 3 | G302: =IF(ISBLANK(A302),"",IF(ISERROR(VLOOKUP(A302,'Controle de Estoque'!A:I,1,FALSE)),"Produto não cadastrado",VLOOKUP(A302,'Controle de Estoque'!A:I,2,FALSE))) -> 1SCA080906R1001 | H302: =IF(ISERROR(VLOOKUP(A302,'Controle de Estoque'!A:I,1,FALSE)),"",VLOOKUP(A302,'Controle de Estoque'!A:I,3,FALSE)) -> D 26
A303: 170M5809ABB | B303: 05/12/2024 - AJUSTE | C303: 18 | E303: =IF(ISBLANK(A303),"",C303*D303) -> 0 | F303: =IF(ISERROR(VLOOKUP(A303,'Controle de Estoque'!A:I,1,FALSE)),"",VLOOKUP(A303,'Controle de Estoque'!A:I,4,FALSE)) -> 18 | G303: =IF(ISBLANK(A303),"",IF(ISERROR(VLOOKUP(A303,'Controle de Estoque'!A:I,1,FALSE)),"Produto não cadastrado",VLOOKUP(A303,'Controle de Estoque'!A:I,2,FALSE))) -> 1SCA080907R1001 | H303: =IF(ISERROR(VLOOKUP(A303,'Controle de Estoque'!A:I,1,FALSE)),"",VLOOKUP(A303,'Controle de Estoque'!A:I,3,FALSE)) -> D 26
A304: 170M5812ABB | B304: 05/12/2024 - AJUSTE | C304: 15 | E304: =IF(ISBLANK(A304),"",C304*D304) -> 0 | F304: =IF(ISERROR(VLOOKUP(A304,'Controle de Estoque'!A:I,1,FALSE)),"",VLOOKUP(A304,'Controle de Estoque'!A:I,4,FALSE)) -> 15 | G304: =IF(ISBLANK(A304),"",IF(ISERROR(VLOOKUP(A304,'Controle de Estoque'!A:I,1,FALSE)),"Produto não cadastrado",VLOOKUP(A304,'Controle de Estoque'!A:I,2,FALSE))) -> 1SCA080910R1001 | H304: =IF(ISERROR(VLOOKUP(A304,'Controle de Estoque'!A:I,1,FALSE)),"",VLOOKUP(A304,'Controle de Estoque'!A:I,3,FALSE)) -> D 26
A305: 170M5813ABB | B305: 05/12/2024 - AJUSTE | C305: 0 | E305: =IF(ISBLANK(A305),"",C305*D305) -> 0 | F305: =IF(ISERROR(VLOOKUP(A305,'Controle de Estoque'!A:I,1,FALSE)),"",VLOOKUP(A305,'Controle de Estoque'!A:I,4,FALSE)) -> 0 | G305: =IF(ISBLANK(A305),"",IF(ISERROR(VLOOKUP(A305,'Controle de Estoque'!A:I,1,FALSE)),"Produto não cadastrado",VLOOKUP(A305,'Controle de Estoque'!A:I,2,FALSE))) -> 1SCA080911R1001 | H305: =IF(ISERROR(VLOOKUP(A305,'Controle de Estoque'!A:I,1,FALSE)),"",VLOOKUP(A305,'Controle de Estoque'!A:I,3,FALSE)) -> D 26
A306: 170M6166 | B306: 05/12/2024 - AJUSTE | C306: 5 | E306: =IF(ISBLANK(A306),"",C306*D306) -> 0 | F306: =IF(ISERROR(VLOOKUP(A306,'Controle de Estoque'!A:I,1,FALSE)),"",VLOOKUP(A306,'Controle de Estoque'!A:I,4,FALSE)) -> 5 | G306: =IF(ISBLANK(A306),"",IF(ISERROR(VLOOKUP(A306,'Controle de Estoque'!A:I,1,FALSE)),"Produto não cadastrado",VLOOKUP(A306,'Controle de Estoque'!A:I,2,FALSE))) -> 170M6166 | H306: =IF(ISERROR(VLOOKUP(A306,'Controle de Estoque'!A:I,1,FALSE)),"",VLOOKUP(A306,'Controle de Estoque'!A:I,3,FALSE)) -> N/A
A307: 170M6663 | B307: 05/12/2024 - AJUSTE | C307: 3 | E307: =IF(ISBLANK(A307),"",C307*D307) -> 0 | F307: =IF(ISERROR(VLOOKUP(A307,'Controle de Estoque'!A:I,1,FALSE)),"",VLOOKUP(A307,'Controle de Estoque'!A:I,4,FALSE)) -> 3 | G307: =IF(ISBLANK(A307),"",IF(ISERROR(VLOOKUP(A307,'Controle de Estoque'!A:I,1,FALSE)),"Produto não cadastrado",VLOOKUP(A307,'Controle de Estoque'!A:I,2,FALSE))) -> 170M6663 | H307: =IF(ISERROR(VLOOKUP(A307,'Controle de Estoque'!A:I,1,FALSE)),"",VLOOKUP(A307,'Controle de Estoque'!A:I,3,FALSE)) -> N/A
A308: 170M6665 | B308: 05/12/2024 - AJUSTE | C308: 0 | E308: =IF(ISBLANK(A308),"",C308*D308) -> 0 | F308: =IF(ISERROR(VLOOKUP(A308,'Controle de Estoque'!A:I,1,FALSE)),"",VLOOKUP(A308,'Controle de Estoque'!A:I,4,FALSE)) -> 0 | G308: =IF(ISBLANK(A308),"",IF(ISERROR(VLOOKUP(A308,'Controle de Estoque'!A:I,1,FALSE)),"Produto não cadastrado",VLOOKUP(A308,'Controle de Estoque'!A:I,2,FALSE))) -> 170M6665 | H308: =IF(ISERROR(VLOOKUP(A308,'Controle de Estoque'!A:I,1,FALSE)),"",VLOOKUP(A308,'Controle de Estoque'!A:I,3,FALSE)) -> N/A
A309: 170M8550 | B309: 05/12/2024 - AJUSTE | C309: 3 | E309: =IF(ISBLANK(A309),"",C309*D309) -> 0 | F309: =IF(ISERROR(VLOOKUP(A309,'Controle de Estoque'!A:I,1,FALSE)),"",VLOOKUP(A309,'Controle de Estoque'!A:I,4,FALSE)) -> 3 | G309: =IF(ISBLANK(A309),"",IF(ISERROR(VLOOKUP(A309,'Controle de Estoque'!A:I,1,FALSE)),"Produto não cadastrado",VLOOKUP(A309,'Controle de Estoque'!A:I,2,FALSE))) -> 170M8550 | H309: =IF(ISERROR(VLOOKUP(A309,'Controle de Estoque'!A:I,1,FALSE)),"",VLOOKUP(A309,'Controle de Estoque'!A:I,3,FALSE)) -> D 25
... A317: 1734-AENT | B317: 05/12/2024 - AJUSTE | C317: 0 | E317: =IF(ISBLANK(A317),"",C317*D317) -> 0 | F317: =IF(ISERROR(VLOOKUP(A317,'Controle de Estoque'!A:I,1,FALSE)),"",VLOOKUP(A317,'Controle de Estoque'!A:I,4,FALSE)) -> 0 | G317: =IF(ISBLANK(A317),"",IF(ISERROR(VLOOKUP(A317,'Controle de Estoque'!A:I,1,FALSE)),"Produto não cadastrado",VLOOKUP(A317,'Controle de Estoque'!A:I,2,FALSE))) -> 1734-AENT | H317: =IF(ISERROR(VLOOKUP(A317,'Controle de Estoque'!A:I,1,FALSE)),"",VLOOKUP(A317,'Controle de Estoque'!A:I,3,FALSE)) -> F 03
A318: 1734-AENTR | B318: 05/12/2024 - AJUSTE | C318: 0 | D318: CERTO | E318: =IF(ISBLANK(A318),"",C318*D318) -> #VALUE! | F318: =IF(ISERROR(VLOOKUP(A318,'Controle de Estoque'!A:I,1,FALSE)),"",VLOOKUP(A318,'Controle de Estoque'!A:I,4,FALSE)) -> 0 | G318: =IF(ISBLANK(A318),"",IF(ISERROR(VLOOKUP(A318,'Controle de Estoque'!A:I,1,FALSE)),"Produto não cadastrado",VLOOKUP(A318,'Controle de Estoque'!A:I,2,FALSE))) -> 1734-AENTR | H318: =IF(ISERROR(VLOOKUP(A318,'Controle de Estoque'!A:I,1,FALSE)),"",VLOOKUP(A318,'Controle de Estoque'!A:I,3,FALSE)) -> F 03
A319: 1734-ARM | B319: 05/12/2024 - AJUSTE | C319: 1 | E319: =IF(ISBLANK(A319),"",C319*D319) -> 0 | F319: =IF(ISERROR(VLOOKUP(A319,'Controle de Estoque'!A:I,1,FALSE)),"",VLOOKUP(A319,'Controle de Estoque'!A:I,4,FALSE)) -> 1 | G319: =IF(ISBLANK(A319),"",IF(ISERROR(VLOOKUP(A319,'Controle de Estoque'!A:I,1,FALSE)),"Produto não cadastrado",VLOOKUP(A319,'Controle de Estoque'!A:I,2,FALSE))) -> 1734-ARM | H319: =IF(ISERROR(VLOOKUP(A319,'Controle de Estoque'!A:I,1,FALSE)),"",VLOOKUP(A319,'Controle de Estoque'!A:I,3,FALSE)) -> F 03
A320: 1734-EP24DC | B320: 05/12/2024 - AJUSTE | C320: 0 | E320: =IF(ISBLANK(A320),"",C320*D320) -> 0 | F320: =IF(ISERROR(VLOOKUP(A320,'Controle de Estoque'!A:I,1,FALSE)),"",VLOOKUP(A320,'Controle de Estoque'!A:I,4,FALSE)) -> 0 | G320: =IF(ISBLANK(A320),"",IF(ISERROR(VLOOKUP(A320,'Controle de Estoque'!A:I,1,FALSE)),"Produto não cadastrado",VLOOKUP(A320,'Controle de Estoque'!A:I,2,FALSE))) -> 1734-EP24DC | H320: =IF(ISERROR(VLOOKUP(A320,'Controle de Estoque'!A:I,1,FALSE)),"",VLOOKUP(A320,'Controle de Estoque'!A:I,3,FALSE)) -> F 03
A321: 1734-FPD | B321: 05/12/2024 - AJUSTE | C321: 2 | E321: =IF(ISBLANK(A321),"",C321*D321) -> 0 | F321: =IF(ISERROR(VLOOKUP(A321,'Controle de Estoque'!A:I,1,FALSE)),"",VLOOKUP(A321,'Controle de Estoque'!A:I,4,FALSE)) -> 2 | G321: =IF(ISBLANK(A321),"",IF(ISERROR(VLOOKUP(A321,'Controle de Estoque'!A:I,1,FALSE)),"Produto não cadastrado",VLOOKUP(A321,'Controle de Estoque'!A:I,2,FALSE))) -> 1734-FPD | H321: =IF(ISERROR(VLOOKUP(A321,'Controle de Estoque'!A:I,1,FALSE)),"",VLOOKUP(A321,'Controle de Estoque'!A:I,3,FALSE)) -> F 03
A322: 1734-IB2 | B322: 05/12/2024 - AJUSTE | C322: 1 | E322: =IF(ISBLANK(A322),"",C322*D322) -> 0 | F322: =IF(ISERROR(VLOOKUP(A322,'Controle de Estoque'!A:I,1,FALSE)),"",VLOOKUP(A322,'Controle de Estoque'!A:I,4,FALSE)) -> 1 | G322: =IF(ISBLANK(A322),"",IF(ISERROR(VLOOKUP(A322,'Controle de Estoque'!A:I,1,FALSE)),"Produto não cadastrado",VLOOKUP(A322,'Controle de Estoque'!A:I,2,FALSE))) -> 1734-IB2 | H322: =IF(ISERROR(VLOOKUP(A322,'Controle de Estoque'!A:I,1,FALSE)),"",VLOOKUP(A322,'Controle de Estoque'!A:I,3,FALSE)) -> F 03
A323: 1734-IB4 | B323: 05/12/2024 - AJUSTE | C323: 2 | E323: =IF(ISBLANK(A323),"",C323*D323) -> 0 | F323: =IF(ISERROR(VLOOKUP(A323,'Controle de Estoque'!A:I,1,FALSE)),"",VLOOKUP(A323,'Controle de Estoque'!A:I,4,FALSE)) -> 2 | G323: =IF(ISBLANK(A323),"",IF(ISERROR(VLOOKUP(A323,'Controle de Estoque'!A:I,1,FALSE)),"Produto não cadastrado",VLOOKUP(A323,'Controle de Estoque'!A:I,2,FALSE))) -> 1734-IB4 | H323: =IF(ISERROR(VLOOKUP(A323,'Controle de Estoque'!A:I,1,FALSE)),"",VLOOKUP(A323,'Controle de Estoque'!A:I,3,FALSE)) -> F 03
A324: 1734-IB8 | B324: 05/12/2024 - AJUSTE | C324: 0 | E324: =IF(ISBLANK(A324),"",C324*D324) -> 0 | F324: =IF(ISERROR(VLOOKUP(A324,'Controle de Estoque'!A:I,1,FALSE)),"",VLOOKUP(A324,'Controle de Estoque'!A:I,4,FALSE)) -> 0 | G324: =IF(ISBLANK(A324),"",IF(ISERROR(VLOOKUP(A324,'Controle de Estoque'!A:I,1,FALSE)),"Produto não cadastrado",VLOOKUP(A324,'Controle de Estoque'!A:I,2,FALSE))) -> 1734-IB8 | H324: =IF(ISERROR(VLOOKUP(A324,'Controle de Estoque'!A:I,1,FALSE)),"",VLOOKUP(A324,'Controle de Estoque'!A:I,3,FALSE)) -> F 03
A325: 1734-IB8S | B325: 05/12/2024 - AJUSTE | C325: 0 | E325: =IF(ISBLANK(A325),"",C325*D325) -> 0 | F325: =IF(ISERROR(VLOOKUP(A325,'Controle de Estoque'!A:I,1,FALSE)),"",VLOOKUP(A325,'Controle de Estoque'!A:I,4,FALSE)) -> 0 | G325: =IF(ISBLANK(A325),"",IF(ISERROR(VLOOKUP(A325,'Controle de Estoque'!A:I,1,FALSE)),"Produto não cadastrado",VLOOKUP(A325,'Controle de Estoque'!A:I,2,FALSE))) -> 1734-IB8S | H325: =IF(ISERROR(VLOOKUP(A325,'Controle de Estoque'!A:I,1,FALSE)),"",VLOOKUP(A325,'Controle de Estoque'!A:I,3,FALSE)) -> F 03
A326: 1734-IE2C | B326: 05/12/2024 - AJUSTE | C326: 0 | E326: =IF(ISBLANK(A326),"",C326*D326) -> 0 | F326: =IF(ISERROR(VLOOKUP(A326,'Controle de Estoque'!A:I,1,FALSE)),"",VLOOKUP(A326,'Controle de Estoque'!A:I,4,FALSE)) -> 0 | G326: =IF(ISBLANK(A326),"",IF(ISERROR(VLOOKUP(A326,'Controle de Estoque'!A:I,1,FALSE)),"Produto não cadastrado",VLOOKUP(A326,'Controle de Estoque'!A:I,2,FALSE))) -> 1734-IE2C | H326: =IF(ISERROR(VLOOKUP(A326,'Controle de Estoque'!A:I,1,FALSE)),"",VLOOKUP(A326,'Controle de Estoque'!A:I,3,FALSE)) -> F 03
A327: 1734-IE2V | B327: 05/12/2024 - AJUSTE | C327: 0 | E327: =IF(ISBLANK(A327),"",C327*D327) -> 0 | F327: =IF(ISERROR(VLOOKUP(A327,'Controle de Estoque'!A:I,1,FALSE)),"",VLOOKUP(A327,'Controle de Estoque'!A:I,4,FALSE)) -> 0 | G327: =IF(ISBLANK(A327),"",IF(ISERROR(VLOOKUP(A327,'Controle de Estoque'!A:I,1,FALSE)),"Produto não cadastrado",VLOOKUP(A327,'Controle de Estoque'!A:I,2,FALSE))) -> 1734-IE2V | H327: =IF(ISERROR(VLOOKUP(A327,'Controle de Estoque'!A:I,1,FALSE)),"",VLOOKUP(A327,'Controle de Estoque'!A:I,3,FALSE)) -> F 03
A328: 1734-IE4C | B328: 05/12/2024 - AJUSTE | C328: 4 | E328: =IF(ISBLANK(A328),"",C328*D328) -> 0 | F328: =IF(ISERROR(VLOOKUP(A328,'Controle de Estoque'!A:I,1,FALSE)),"",VLOOKUP(A328,'Controle de Estoque'!A:I,4,FALSE)) -> 3 | G328: =IF(ISBLANK(A328),"",IF(ISERROR(VLOOKUP(A328,'Controle de Estoque'!A:I,1,FALSE)),"Produto não cadastrado",VLOOKUP(A328,'Controle de Estoque'!A:I,2,FALSE))) -> 1734-IE4C | H328: =IF(ISERROR(VLOOKUP(A328,'Controle de Estoque'!A:I,1,FALSE)),"",VLOOKUP(A328,'Controle de Estoque'!A:I,3,FALSE)) -> F 03
A329: 1734-IM4 | B329: 05/12/2024 - AJUSTE | C329: 1 | E329: =IF(ISBLANK(A329),"",C329*D329) -> 0 | F329: =IF(ISERROR(VLOOKUP(A329,'Controle de Estoque'!A:I,1,FALSE)),"",VLOOKUP(A329,'Controle de Estoque'!A:I,4,FALSE)) -> 2 | G329: =IF(ISBLANK(A329),"",IF(ISERROR(VLOOKUP(A329,'Controle de Estoque'!A:I,1,FALSE)),"Produto não cadastrado",VLOOKUP(A329,'Controle de Estoque'!A:I,2,FALSE))) -> 1734-IM4 | H329: =IF(ISERROR(VLOOKUP(A329,'Controle de Estoque'!A:I,1,FALSE)),"",VLOOKUP(A329,'Controle de Estoque'!A:I,3,FALSE)) -> F 03
A330: 1734-IT2I | B330: 05/12/2024 - AJUSTE | C330: 1 | E330: =IF(ISBLANK(A330),"",C330*D330) -> 0 | F330: =IF(ISERROR(VLOOKUP(A330,'Controle de Estoque'!A:I,1,FALSE)),"",VLOOKUP(A330,'Controle de Estoque'!A:I,4,FALSE)) -> 1 | G330: =IF(ISBLANK(A330),"",IF(ISERROR(VLOOKUP(A330,'Controle de Estoque'!A:I,1,FALSE)),"Produto não cadastrado",VLOOKUP(A330,'Controle de Estoque'!A:I,2,FALSE))) -> 1734-IT2I | H330: =IF(ISERROR(VLOOKUP(A330,'Controle de Estoque'!A:I,1,FALSE)),"",VLOOKUP(A330,'Controle de Estoque'!A:I,3,FALSE)) -> F 03
... A335: 1734-OB4E | B335: 05/12/2024 - AJUSTE | C335: 0 | E335: =IF(ISBLANK(A335),"",C335*D335) -> 0 | F335: =IF(ISERROR(VLOOKUP(A335,'Controle de Estoque'!A:I,1,FALSE)),"",VLOOKUP(A335,'Controle de Estoque'!A:I,4,FALSE)) -> 0 | G335: =IF(ISBLANK(A335),"",IF(ISERROR(VLOOKUP(A335,'Controle de Estoque'!A:I,1,FALSE)),"Produto não cadastrado",VLOOKUP(A335,'Controle de Estoque'!A:I,2,FALSE))) -> 1734-OB4E | H335: =IF(ISERROR(VLOOKUP(A335,'Controle de Estoque'!A:I,1,FALSE)),"",VLOOKUP(A335,'Controle de Estoque'!A:I,3,FALSE)) -> F 03
A336: 1734OB8 | B336: 05/12/2024 - AJUSTE | C336: 0 | D336: CERTO | E336: =IF(ISBLANK(A336),"",C336*D336) -> #VALUE! | F336: =IF(ISERROR(VLOOKUP(A336,'Controle de Estoque'!A:I,1,FALSE)),"",VLOOKUP(A336,'Controle de Estoque'!A:I,4,FALSE)) -> 0 | G336: =IF(ISBLANK(A336),"",IF(ISERROR(VLOOKUP(A336,'Controle de Estoque'!A:I,1,FALSE)),"Produto não cadastrado",VLOOKUP(A336,'Controle de Estoque'!A:I,2,FALSE))) -> 1734OB8 | H336: =IF(ISERROR(VLOOKUP(A336,'Controle de Estoque'!A:I,1,FALSE)),"",VLOOKUP(A336,'Controle de Estoque'!A:I,3,FALSE)) -> F 03
A337: 1734-OB8E | B337: 05/12/2024 - AJUSTE | C337: 0 | E337: =IF(ISBLANK(A337),"",C337*D337) -> 0 | F337: =IF(ISERROR(VLOOKUP(A337,'Controle de Estoque'!A:I,1,FALSE)),"",VLOOKUP(A337,'Controle de Estoque'!A:I,4,FALSE)) -> 0 | G337: =IF(ISBLANK(A337),"",IF(ISERROR(VLOOKUP(A337,'Controle de Estoque'!A:I,1,FALSE)),"Produto não cadastrado",VLOOKUP(A337,'Controle de Estoque'!A:I,2,FALSE))) -> 1734-OB8E | H337: =IF(ISERROR(VLOOKUP(A337,'Controle de Estoque'!A:I,1,FALSE)),"",VLOOKUP(A337,'Controle de Estoque'!A:I,3,FALSE)) -> F 03
A338: 1734-OB8S | B338: 05/12/2024 - AJUSTE | C338: 1 | E338: =IF(ISBLANK(A338),"",C338*D338) -> 0 | F338: =IF(ISERROR(VLOOKUP(A338,'Controle de Estoque'!A:I,1,FALSE)),"",VLOOKUP(A338,'Controle de Estoque'!A:I,4,FALSE)) -> 1 | G338: =IF(ISBLANK(A338),"",IF(ISERROR(VLOOKUP(A338,'Controle de Estoque'!A:I,1,FALSE)),"Produto não cadastrado",VLOOKUP(A338,'Controle de Estoque'!A:I,2,FALSE))) -> 1734-OB8S | H338: =IF(ISERROR(VLOOKUP(A338,'Controle de Estoque'!A:I,1,FALSE)),"",VLOOKUP(A338,'Controle de Estoque'!A:I,3,FALSE)) -> F 03
A339: 1734-OE2V | B339: 05/12/2024 - AJUSTE | C339: 12 | E339: =IF(ISBLANK(A339),"",C339*D339) -> 0 | F339: =IF(ISERROR(VLOOKUP(A339,'Controle de Estoque'!A:I,1,FALSE)),"",VLOOKUP(A339,'Controle de Estoque'!A:I,4,FALSE)) -> 12 | G339: =IF(ISBLANK(A339),"",IF(ISERROR(VLOOKUP(A339,'Controle de Estoque'!A:I,1,FALSE)),"Produto não cadastrado",VLOOKUP(A339,'Controle de Estoque'!A:I,2,FALSE))) -> 1734-OE2V | H339: =IF(ISERROR(VLOOKUP(A339,'Controle de Estoque'!A:I,1,FALSE)),"",VLOOKUP(A339,'Controle de Estoque'!A:I,3,FALSE)) -> F 03
A340: 1734-OW2 | B340: 05/12/2024 - AJUSTE | C340: 2 | E340: =IF(ISBLANK(A340),"",C340*D340) -> 0 | F340: =IF(ISERROR(VLOOKUP(A340,'Controle de Estoque'!A:I,1,FALSE)),"",VLOOKUP(A340,'Controle de Estoque'!A:I,4,FALSE)) -> 2 | G340: =IF(ISBLANK(A340),"",IF(ISERROR(VLOOKUP(A340,'Controle de Estoque'!A:I,1,FALSE)),"Produto não cadastrado",VLOOKUP(A340,'Controle de Estoque'!A:I,2,FALSE))) -> 1734-OW2 | H340: =IF(ISERROR(VLOOKUP(A340,'Controle de Estoque'!A:I,1,FALSE)),"",VLOOKUP(A340,'Controle de Estoque'!A:I,3,FALSE)) -> F 03
A341: 1734-OW4 | B341: 05/12/2024 - AJUSTE | C341: 4 | E341: =IF(ISBLANK(A341),"",C341*D341) -> 0 | F341: =IF(ISERROR(VLOOKUP(A341,'Controle de Estoque'!A:I,1,FALSE)),"",VLOOKUP(A341,'Controle de Estoque'!A:I,4,FALSE)) -> 4 | G341: =IF(ISBLANK(A341),"",IF(ISERROR(VLOOKUP(A341,'Controle de Estoque'!A:I,1,FALSE)),"Produto não cadastrado",VLOOKUP(A341,'Controle de Estoque'!A:I,2,FALSE))) -> 1734-OW4 | H341: =IF(ISERROR(VLOOKUP(A341,'Controle de Estoque'!A:I,1,FALSE)),"",VLOOKUP(A341,'Controle de Estoque'!A:I,3,FALSE)) -> F 03
A342: 1734-RTB | B342: 05/12/2024 - AJUSTE | C342: 55 | E342: =IF(ISBLANK(A342),"",C342*D342) -> 0 | F342: =IF(ISERROR(VLOOKUP(A342,'Controle de Estoque'!A:I,1,FALSE)),"",VLOOKUP(A342,'Controle de Estoque'!A:I,4,FALSE)) -> 55 | G342: =IF(ISBLANK(A342),"",IF(ISERROR(VLOOKUP(A342,'Controle de Estoque'!A:I,1,FALSE)),"Produto não cadastrado",VLOOKUP(A342,'Controle de Estoque'!A:I,2,FALSE))) -> 1734-RTB | H342: =IF(ISERROR(VLOOKUP(A342,'Controle de Estoque'!A:I,1,FALSE)),"",VLOOKUP(A342,'Controle de Estoque'!A:I,3,FALSE)) -> F 03
A343: 1734-RTB3 | B343: 05/12/2024 - AJUSTE | C343: 2 | E343: =IF(ISBLANK(A343),"",C343*D343) -> 0 | F343: =IF(ISERROR(VLOOKUP(A343,'Controle de Estoque'!A:I,1,FALSE)),"",VLOOKUP(A343,'Controle de Estoque'!A:I,4,FALSE)) -> 2 | G343: =IF(ISBLANK(A343),"",IF(ISERROR(VLOOKUP(A343,'Controle de Estoque'!A:I,1,FALSE)),"Produto não cadastrado",VLOOKUP(A343,'Controle de Estoque'!A:I,2,FALSE))) -> 1734-RTB3 | H343: =IF(ISERROR(VLOOKUP(A343,'Controle de Estoque'!A:I,1,FALSE)),"",VLOOKUP(A343,'Controle de Estoque'!A:I,3,FALSE)) -> F 03
A344: 1734-TB | B344: 05/12/2024 - AJUSTE | C344: 13 | E344: =IF(ISBLANK(A344),"",C344*D344) -> 0 | F344: =IF(ISERROR(VLOOKUP(A344,'Controle de Estoque'!A:I,1,FALSE)),"",VLOOKUP(A344,'Controle de Estoque'!A:I,4,FALSE)) -> 13 | G344: =IF(ISBLANK(A344),"",IF(ISERROR(VLOOKUP(A344,'Controle de Estoque'!A:I,1,FALSE)),"Produto não cadastrado",VLOOKUP(A344,'Controle de Estoque'!A:I,2,FALSE))) -> 1734-TB | H344: =IF(ISERROR(VLOOKUP(A344,'Controle de Estoque'!A:I,1,FALSE)),"",VLOOKUP(A344,'Controle de Estoque'!A:I,3,FALSE)) -> F 03
A345: 1734-TB3 | B345: 05/12/2024 - AJUSTE | C345: 1 | E345: =IF(ISBLANK(A345),"",C345*D345) -> 0 | F345: =IF(ISERROR(VLOOKUP(A345,'Controle de Estoque'!A:I,1,FALSE)),"",VLOOKUP(A345,'Controle de Estoque'!A:I,4,FALSE)) -> 1 | G345: =IF(ISBLANK(A345),"",IF(ISERROR(VLOOKUP(A345,'Controle de Estoque'!A:I,1,FALSE)),"Produto não cadastrado",VLOOKUP(A345,'Controle de Estoque'!A:I,2,FALSE))) -> 1734-TB3 | H345: =IF(ISERROR(VLOOKUP(A345,'Controle de Estoque'!A:I,1,FALSE)),"",VLOOKUP(A345,'Controle de Estoque'!A:I,3,FALSE)) -> F 03
A346: 1734-TB3S | B346: 05/12/2024 - AJUSTE | C346: 16 | E346: =IF(ISBLANK(A346),"",C346*D346) -> 0 | F346: =IF(ISERROR(VLOOKUP(A346,'Controle de Estoque'!A:I,1,FALSE)),"",VLOOKUP(A346,'Controle de Estoque'!A:I,4,FALSE)) -> 16 | G346: =IF(ISBLANK(A346),"",IF(ISERROR(VLOOKUP(A346,'Controle de Estoque'!A:I,1,FALSE)),"Produto não cadastrado",VLOOKUP(A346,'Controle de Estoque'!A:I,2,FALSE))) -> 1734-TB3S | H346: =IF(ISERROR(VLOOKUP(A346,'Controle de Estoque'!A:I,1,FALSE)),"",VLOOKUP(A346,'Controle de Estoque'!A:I,3,FALSE)) -> F 03
A347: 1734-TBS | B347: 05/12/2024 - AJUSTE | C347: 14 | E347: =IF(ISBLANK(A347),"",C347*D347) -> 0 | F347: =IF(ISERROR(VLOOKUP(A347,'Controle de Estoque'!A:I,1,FALSE)),"",VLOOKUP(A347,'Controle de Estoque'!A:I,4,FALSE)) -> 12 | G347: =IF(ISBLANK(A347),"",IF(ISERROR(VLOOKUP(A347,'Controle de Estoque'!A:I,1,FALSE)),"Produto não cadastrado",VLOOKUP(A347,'Controle de Estoque'!A:I,2,FALSE))) -> 1734-TBS | H347: =IF(ISERROR(VLOOKUP(A347,'Controle de Estoque'!A:I,1,FALSE)),"",VLOOKUP(A347,'Controle de Estoque'!A:I,3,FALSE)) -> F 03
A348: 1734-TOP | B348: 05/12/2024 - AJUSTE | C348: 0 | E348: =IF(ISBLANK(A348),"",C348*D348) -> 0 | F348: =IF(ISERROR(VLOOKUP(A348,'Controle de Estoque'!A:I,1,FALSE)),"",VLOOKUP(A348,'Controle de Estoque'!A:I,4,FALSE)) -> 0 | G348: =IF(ISBLANK(A348),"",IF(ISERROR(VLOOKUP(A348,'Controle de Estoque'!A:I,1,FALSE)),"Produto não cadastrado",VLOOKUP(A348,'Controle de Estoque'!A:I,2,FALSE))) -> 1734-TOP | H348: =IF(ISERROR(VLOOKUP(A348,'Controle de Estoque'!A:I,1,FALSE)),"",VLOOKUP(A348,'Controle de Estoque'!A:I,3,FALSE)) -> F 03
... A389: 1756-DHRIO | B389: 05/12/2024 - AJUSTE | C389: 1 | E389: =IF(ISBLANK(A389),"",C389*D389) -> 0 | F389: =IF(ISERROR(VLOOKUP(A389,'Controle de Estoque'!A:I,1,FALSE)),"",VLOOKUP(A389,'Controle de Estoque'!A:I,4,FALSE)) -> 1 | G389: =IF(ISBLANK(A389),"",IF(ISERROR(VLOOKUP(A389,'Controle de Estoque'!A:I,1,FALSE)),"Produto não cadastrado",VLOOKUP(A389,'Controle de Estoque'!A:I,2,FALSE))) -> 1756-DHRIO | H389: =IF(ISERROR(VLOOKUP(A389,'Controle de Estoque'!A:I,1,FALSE)),"",VLOOKUP(A389,'Controle de Estoque'!A:I,3,FALSE)) -> F 12
A390: 1756-EN2T | B390: 05/12/2024 - AJUSTE | C390: 1 | D390: CERTO | E390: =IF(ISBLANK(A390),"",C390*D390) -> #VALUE! | F390: =IF(ISERROR(VLOOKUP(A390,'Controle de Estoque'!A:I,1,FALSE)),"",VLOOKUP(A390,'Controle de Estoque'!A:I,4,FALSE)) -> 1 | G390: =IF(ISBLANK(A390),"",IF(ISERROR(VLOOKUP(A390,'Controle de Estoque'!A:I,1,FALSE)),"Produto não cadastrado",VLOOKUP(A390,'Controle de Estoque'!A:I,2,FALSE))) -> 1756-EN2T | H390: =IF(ISERROR(VLOOKUP(A390,'Controle de Estoque'!A:I,1,FALSE)),"",VLOOKUP(A390,'Controle de Estoque'!A:I,3,FALSE)) -> F 11
A391: 1756-IA16 | B391: 05/12/2024 - AJUSTE | C391: 0 | E391: =IF(ISBLANK(A391),"",C391*D391) -> 0 | F391: =IF(ISERROR(VLOOKUP(A391,'Controle de Estoque'!A:I,1,FALSE)),"",VLOOKUP(A391,'Controle de Estoque'!A:I,4,FALSE)) -> 1 | G391: =IF(ISBLANK(A391),"",IF(ISERROR(VLOOKUP(A391,'Controle de Estoque'!A:I,1,FALSE)),"Produto não cadastrado",VLOOKUP(A391,'Controle de Estoque'!A:I,2,FALSE))) -> 1756-IA16 | H391: =IF(ISERROR(VLOOKUP(A391,'Controle de Estoque'!A:I,1,FALSE)),"",VLOOKUP(A391,'Controle de Estoque'!A:I,3,FALSE)) -> F 11
A392: 1756-IB16 | B392: 05/12/2024 - AJUSTE | C392: 5 | E392: =IF(ISBLANK(A392),"",C392*D392) -> 0 | F392: =IF(ISERROR(VLOOKUP(A392,'Controle de Estoque'!A:I,1,FALSE)),"",VLOOKUP(A392,'Controle de Estoque'!A:I,4,FALSE)) -> 17 | G392: =IF(ISBLANK(A392),"",IF(ISERROR(VLOOKUP(A392,'Controle de Estoque'!A:I,1,FALSE)),"Produto não cadastrado",VLOOKUP(A392,'Controle de Estoque'!A:I,2,FALSE))) -> 1756-IB16 | H392: =IF(ISERROR(VLOOKUP(A392,'Controle de Estoque'!A:I,1,FALSE)),"",VLOOKUP(A392,'Controle de Estoque'!A:I,3,FALSE)) -> F 11
A393: 1756-IB16 | B393: 05/12/2024 - AJUSTE | C393: 12 | E393: =IF(ISBLANK(A393),"",C393*D393) -> 0 | F393: =IF(ISERROR(VLOOKUP(A393,'Controle de Estoque'!A:I,1,FALSE)),"",VLOOKUP(A393,'Controle de Estoque'!A:I,4,FALSE)) -> 17 | G393: =IF(ISBLANK(A393),"",IF(ISERROR(VLOOKUP(A393,'Controle de Estoque'!A:I,1,FALSE)),"Produto não cadastrado",VLOOKUP(A393,'Controle de Estoque'!A:I,2,FALSE))) -> 1756-IB16 | H393: =IF(ISERROR(VLOOKUP(A393,'Controle de Estoque'!A:I,1,FALSE)),"",VLOOKUP(A393,'Controle de Estoque'!A:I,3,FALSE)) -> F 11
A394: 1756-IB32 | B394: 05/12/2024 - AJUSTE | C394: 0 | E394: =IF(ISBLANK(A394),"",C394*D394) -> 0 | F394: =IF(ISERROR(VLOOKUP(A394,'Controle de Estoque'!A:I,1,FALSE)),"",VLOOKUP(A394,'Controle de Estoque'!A:I,4,FALSE)) -> 0 | G394: =IF(ISBLANK(A394),"",IF(ISERROR(VLOOKUP(A394,'Controle de Estoque'!A:I,1,FALSE)),"Produto não cadastrado",VLOOKUP(A394,'Controle de Estoque'!A:I,2,FALSE))) -> 1756-IB32 | H394: =IF(ISERROR(VLOOKUP(A394,'Controle de Estoque'!A:I,1,FALSE)),"",VLOOKUP(A394,'Controle de Estoque'!A:I,3,FALSE)) -> F 11
A395: 1756-IB32K | B395: 05/12/2024 - AJUSTE | C395: 0 | E395: =IF(ISBLANK(A395),"",C395*D395) -> 0 | F395: =IF(ISERROR(VLOOKUP(A395,'Controle de Estoque'!A:I,1,FALSE)),"",VLOOKUP(A395,'Controle de Estoque'!A:I,4,FALSE)) -> 0 | G395: =IF(ISBLANK(A395),"",IF(ISERROR(VLOOKUP(A395,'Controle de Estoque'!A:I,1,FALSE)),"Produto não cadastrado",VLOOKUP(A395,'Controle de Estoque'!A:I,2,FALSE))) -> 1756-IB32K | H395: =IF(ISERROR(VLOOKUP(A395,'Controle de Estoque'!A:I,1,FALSE)),"",VLOOKUP(A395,'Controle de Estoque'!A:I,3,FALSE)) -> F 11
A396: 1756-IF16 | B396: 05/12/2024 - AJUSTE | C396: 0 | E396: =IF(ISBLANK(A396),"",C396*D396) -> 0 | F396: =IF(ISERROR(VLOOKUP(A396,'Controle de Estoque'!A:I,1,FALSE)),"",VLOOKUP(A396,'Controle de Estoque'!A:I,4,FALSE)) -> 0 | G396: =IF(ISBLANK(A396),"",IF(ISERROR(VLOOKUP(A396,'Controle de Estoque'!A:I,1,FALSE)),"Produto não cadastrado",VLOOKUP(A396,'Controle de Estoque'!A:I,2,FALSE))) -> 1756-IF16 | H396: =IF(ISERROR(VLOOKUP(A396,'Controle de Estoque'!A:I,1,FALSE)),"",VLOOKUP(A396,'Controle de Estoque'!A:I,3,FALSE)) -> F 11
A397: 1756-IF16H | B397: 05/12/2024 - AJUSTE | C397: 0 | E397: =IF(ISBLANK(A397),"",C397*D397) -> 0 | F397: =IF(ISERROR(VLOOKUP(A397,'Controle de Estoque'!A:I,1,FALSE)),"",VLOOKUP(A397,'Controle de Estoque'!A:I,4,FALSE)) -> 0 | G397: =IF(ISBLANK(A397),"",IF(ISERROR(VLOOKUP(A397,'Controle de Estoque'!A:I,1,FALSE)),"Produto não cadastrado",VLOOKUP(A397,'Controle de Estoque'!A:I,2,FALSE))) -> 1756-IF16H | H397: =IF(ISERROR(VLOOKUP(A397,'Controle de Estoque'!A:I,1,FALSE)),"",VLOOKUP(A397,'Controle de Estoque'!A:I,3,FALSE)) -> F 11
A398: 1756-IF16HK | B398: 05/12/2024 - AJUSTE | C398: 1 | E398: =IF(ISBLANK(A398),"",C398*D398) -> 0 | F398: =IF(ISERROR(VLOOKUP(A398,'Controle de Estoque'!A:I,1,FALSE)),"",VLOOKUP(A398,'Controle de Estoque'!A:I,4,FALSE)) -> 1 | G398: =IF(ISBLANK(A398),"",IF(ISERROR(VLOOKUP(A398,'Controle de Estoque'!A:I,1,FALSE)),"Produto não cadastrado",VLOOKUP(A398,'Controle de Estoque'!A:I,2,FALSE))) -> 1756-IF16HK | H398: =IF(ISERROR(VLOOKUP(A398,'Controle de Estoque'!A:I,1,FALSE)),"",VLOOKUP(A398,'Controle de Estoque'!A:I,3,FALSE)) -> F 10
A399: 1756-IF6I | B399: 05/12/2024 - AJUSTE | C399: 0 | E399: =IF(ISBLANK(A399),"",C399*D399) -> 0 | F399: =IF(ISERROR(VLOOKUP(A399,'Controle de Estoque'!A:I,1,FALSE)),"",VLOOKUP(A399,'Controle de Estoque'!A:I,4,FALSE)) -> 0 | G399: =IF(ISBLANK(A399),"",IF(ISERROR(VLOOKUP(A399,'Controle de Estoque'!A:I,1,FALSE)),"Produto não cadastrado",VLOOKUP(A399,'Controle de Estoque'!A:I,2,FALSE))) -> 1756-IF6I | H399: =IF(ISERROR(VLOOKUP(A399,'Controle de Estoque'!A:I,1,FALSE)),"",VLOOKUP(A399,'Controle de Estoque'!A:I,3,FALSE)) -> F 11
A400: 1756-IF8 | B400: 05/12/2024 - AJUSTE | C400: 0 | E400: =IF(ISBLANK(A400),"",C400*D400) -> 0 | F400: =IF(ISERROR(VLOOKUP(A400,'Controle de Estoque'!A:I,1,FALSE)),"",VLOOKUP(A400,'Controle de Estoque'!A:I,4,FALSE)) -> 0 | G400: =IF(ISBLANK(A400),"",IF(ISERROR(VLOOKUP(A400,'Controle de Estoque'!A:I,1,FALSE)),"Produto não cadastrado",VLOOKUP(A400,'Controle de Estoque'!A:I,2,FALSE))) -> 1756-IF8 | H400: =IF(ISERROR(VLOOKUP(A400,'Controle de Estoque'!A:I,1,FALSE)),"",VLOOKUP(A400,'Controle de Estoque'!A:I,3,FALSE)) -> F 11
A401: 1756-IR6I | B401: 05/12/2024 - AJUSTE | C401: 1 | E401: =IF(ISBLANK(A401),"",C401*D401) -> 0 | F401: =IF(ISERROR(VLOOKUP(A401,'Controle de Estoque'!A:I,1,FALSE)),"",VLOOKUP(A401,'Controle de Estoque'!A:I,4,FALSE)) -> 1 | G401: =IF(ISBLANK(A401),"",IF(ISERROR(VLOOKUP(A401,'Controle de Estoque'!A:I,1,FALSE)),"Produto não cadastrado",VLOOKUP(A401,'Controle de Estoque'!A:I,2,FALSE))) -> 1756-IR6I | H401: =IF(ISERROR(VLOOKUP(A401,'Controle de Estoque'!A:I,1,FALSE)),"",VLOOKUP(A401,'Controle de Estoque'!A:I,3,FALSE)) -> F 12
A402: 1756-IT6I | B402: 05/12/2024 - AJUSTE | C402: 1 | E402: =IF(ISBLANK(A402),"",C402*D402) -> 0 | F402: =IF(ISERROR(VLOOKUP(A402,'Controle de Estoque'!A:I,1,FALSE)),"",VLOOKUP(A402,'Controle de Estoque'!A:I,4,FALSE)) -> 1 | G402: =IF(ISBLANK(A402),"",IF(ISERROR(VLOOKUP(A402,'Controle de Estoque'!A:I,1,FALSE)),"Produto não cadastrado",VLOOKUP(A402,'Controle de Estoque'!A:I,2,FALSE))) -> 1756-IT6I | H402: =IF(ISERROR(VLOOKUP(A402,'Controle de Estoque'!A:I,1,FALSE)),"",VLOOKUP(A402,'Controle de Estoque'!A:I,3,FALSE)) -> F 12
... A420: 1756PB72 | B420: 05/12/2024 - AJUSTE | C420: 0 | E420: =IF(ISBLANK(A420),"",C420*D420) -> 0 | F420: =IF(ISERROR(VLOOKUP(A420,'Controle de Estoque'!A:I,1,FALSE)),"",VLOOKUP(A420,'Controle de Estoque'!A:I,4,FALSE)) -> 0 | G420: =IF(ISBLANK(A420),"",IF(ISERROR(VLOOKUP(A420,'Controle de Estoque'!A:I,1,FALSE)),"Produto não cadastrado",VLOOKUP(A420,'Controle de Estoque'!A:I,2,FALSE))) -> 1756PB72 | H420: =IF(ISERROR(VLOOKUP(A420,'Controle de Estoque'!A:I,1,FALSE)),"",VLOOKUP(A420,'Controle de Estoque'!A:I,3,FALSE)) -> F 12
A421: 1756PB72K | B421: 05/12/2024 - AJUSTE | C421: 0 | D421: CERTO | E421: =IF(ISBLANK(A421),"",C421*D421) -> #VALUE! | F421: =IF(ISERROR(VLOOKUP(A421,'Controle de Estoque'!A:I,1,FALSE)),"",VLOOKUP(A421,'Controle de Estoque'!A:I,4,FALSE)) -> 0 | G421: =IF(ISBLANK(A421),"",IF(ISERROR(VLOOKUP(A421,'Controle de Estoque'!A:I,1,FALSE)),"Produto não cadastrado",VLOOKUP(A421,'Controle de Estoque'!A:I,2,FALSE))) -> 1756PB72K | H421: =IF(ISERROR(VLOOKUP(A421,'Controle de Estoque'!A:I,1,FALSE)),"",VLOOKUP(A421,'Controle de Estoque'!A:I,3,FALSE)) -> F 12
A422: 1756PB75R | B422: 05/12/2024 - AJUSTE | C422: 2 | E422: =IF(ISBLANK(A422),"",C422*D422) -> 0 | F422: =IF(ISERROR(VLOOKUP(A422,'Controle de Estoque'!A:I,1,FALSE)),"",VLOOKUP(A422,'Controle de Estoque'!A:I,4,FALSE)) -> 2 | G422: =IF(ISBLANK(A422),"",IF(ISERROR(VLOOKUP(A422,'Controle de Estoque'!A:I,1,FALSE)),"Produto não cadastrado",VLOOKUP(A422,'Controle de Estoque'!A:I,2,FALSE))) -> 1756PB75R | H422: =IF(ISERROR(VLOOKUP(A422,'Controle de Estoque'!A:I,1,FALSE)),"",VLOOKUP(A422,'Controle de Estoque'!A:I,3,FALSE)) -> F 12
A423: 1756PSCA2 | B423: 05/12/2024 - AJUSTE | C423: 2 | E423: =IF(ISBLANK(A423),"",C423*D423) -> 0 | F423: =IF(ISERROR(VLOOKUP(A423,'Controle de Estoque'!A:I,1,FALSE)),"",VLOOKUP(A423,'Controle de Estoque'!A:I,4,FALSE)) -> 2 | G423: =IF(ISBLANK(A423),"",IF(ISERROR(VLOOKUP(A423,'Controle de Estoque'!A:I,1,FALSE)),"Produto não cadastrado",VLOOKUP(A423,'Controle de Estoque'!A:I,2,FALSE))) -> 1756PSCA2 | H423: =IF(ISERROR(VLOOKUP(A423,'Controle de Estoque'!A:I,1,FALSE)),"",VLOOKUP(A423,'Controle de Estoque'!A:I,3,FALSE)) -> F 11
A424: 1756RMC1 | B424: 05/12/2024 - AJUSTE | C424: 7 | E424: =IF(ISBLANK(A424),"",C424*D424) -> 0 | F424: =IF(ISERROR(VLOOKUP(A424,'Controle de Estoque'!A:I,1,FALSE)),"",VLOOKUP(A424,'Controle de Estoque'!A:I,4,FALSE)) -> 7 | G424: =IF(ISBLANK(A424),"",IF(ISERROR(VLOOKUP(A424,'Controle de Estoque'!A:I,1,FALSE)),"Produto não cadastrado",VLOOKUP(A424,'Controle de Estoque'!A:I,2,FALSE))) -> 1756RMC1 | H424: =IF(ISERROR(VLOOKUP(A424,'Controle de Estoque'!A:I,1,FALSE)),"",VLOOKUP(A424,'Controle de Estoque'!A:I,3,FALSE)) -> F 12
A425: 1756TBCH | B425: 05/12/2024 - AJUSTE | C425: 9 | E425: =IF(ISBLANK(A425),"",C425*D425) -> 0 | F425: =IF(ISERROR(VLOOKUP(A425,'Controle de Estoque'!A:I,1,FALSE)),"",VLOOKUP(A425,'Controle de Estoque'!A:I,4,FALSE)) -> 9 | G425: =IF(ISBLANK(A425),"",IF(ISERROR(VLOOKUP(A425,'Controle de Estoque'!A:I,1,FALSE)),"Produto não cadastrado",VLOOKUP(A425,'Controle de Estoque'!A:I,2,FALSE))) -> 1756TBCH | H425: =IF(ISERROR(VLOOKUP(A425,'Controle de Estoque'!A:I,1,FALSE)),"",VLOOKUP(A425,'Controle de Estoque'!A:I,3,FALSE)) -> F 10
A426: 1756TBE | B426: 05/12/2024 - AJUSTE | C426: 63 | E426: =IF(ISBLANK(A426),"",C426*D426) -> 0 | F426: =IF(ISERROR(VLOOKUP(A426,'Controle de Estoque'!A:I,1,FALSE)),"",VLOOKUP(A426,'Controle de Estoque'!A:I,4,FALSE)) -> 63 | G426: =IF(ISBLANK(A426),"",IF(ISERROR(VLOOKUP(A426,'Controle de Estoque'!A:I,1,FALSE)),"Produto não cadastrado",VLOOKUP(A426,'Controle de Estoque'!A:I,2,FALSE))) -> 1756TBE | H426: =IF(ISERROR(VLOOKUP(A426,'Controle de Estoque'!A:I,1,FALSE)),"",VLOOKUP(A426,'Controle de Estoque'!A:I,3,FALSE)) -> F 10
A427: 1756TBNH | B427: 05/12/2024 - AJUSTE | C427: 3 | E427: =IF(ISBLANK(A427),"",C427*D427) -> 0 | F427: =IF(ISERROR(VLOOKUP(A427,'Controle de Estoque'!A:I,1,FALSE)),"",VLOOKUP(A427,'Controle de Estoque'!A:I,4,FALSE)) -> 3 | G427: =IF(ISBLANK(A427),"",IF(ISERROR(VLOOKUP(A427,'Controle de Estoque'!A:I,1,FALSE)),"Produto não cadastrado",VLOOKUP(A427,'Controle de Estoque'!A:I,2,FALSE))) -> PLUG ESTANDARD COVER | H427: =IF(ISERROR(VLOOKUP(A427,'Controle de Estoque'!A:I,1,FALSE)),"",VLOOKUP(A427,'Controle de Estoque'!A:I,3,FALSE)) -> F 10
...

Sheet Controle de Estoque
A1: CONTROLE DE ESTOQUE
A2: CONTROLE DE ESTOQUE
A3: CODIGO | B3: CODIGO EQUIVALENTE | C3: LOCALIZAÇÃO | D3: QUANTIDADE | F3: FORNECEDOR | G3: FAMILIA | H3: OBSER | K3: ENTRADA | L3: SAIDA
A4: CODIGO | B4: CODIGO EQUIVALENTE | C4: LOCALIZAÇAO | D4: QUANTIDADE | E4: QTD | F4: FORNECEDOR | G4: FAMILIA | H4: OBSER | I4: Coluna9 | J4: DESCRICAO | K4: ENTRADA | L4: SAIDA | M4: O
A5: 63998931 | B5: 63998931 | C5: ARMARIO 02 | D5: =IF(ISBLANK($D$2),SUMIFS(Entradas!$C:$C,Entradas!$A:$A,$A5)-SUMIFS(SAIDA!$C:$C,SAIDA!$A:$A,$A5),SUMIFS(Entradas!$C:$C,Entradas!$A:$A,$A5,Entradas!$B:$B,"<="&$D$2)-SUMIFS(SAIDA!$C:$C,SAIDA!$A:$A,$A5,SAIDA!$B:$B,"<="&$D$2)) -> 4 | E5: =IF($A5="","",IFERROR(VLOOKUP($A5,Entradas!$A:$D,4,FALSE),"")) -> 0 | F5: ABB | K5: =SUMIF(Entradas!A:A,A5,Entradas!C:C) -> 5 | L5: =SUMIF(SAIDA!A:A,A5,SAIDA!C:C) -> 1 | M5: O
A6: 64650424 | B6: 64650424 | C6: ARMARIO 02 | D6: =IF(ISBLANK($D$2),SUMIFS(Entradas!$C:$C,Entradas!$A:$A,$A6)-SUMIFS(SAIDA!$C:$C,SAIDA!$A:$A,$A6),SUMIFS(Entradas!$C:$C,Entradas!$A:$A,$A6,Entradas!$B:$B,"<="&$D$2)-SUMIFS(SAIDA!$C:$C,SAIDA!$A:$A,$A6,SAIDA!$B:$B,"<="&$D$2)) -> 1 | E6: =IF($A6="","",IFERROR(VLOOKUP($A6,Entradas!$A:$D,4,FALSE),"")) | F6: ABB | K6: =SUMIF(Entradas!A:A,A6,Entradas!C:C) -> 2 | L6: =SUMIF(SAIDA!A:A,A6,SAIDA!C:C) -> 1
A7: 68257662 | B7: 68257662 | C7: ARMARIO 01 | D7: =IF(ISBLANK($D$2),SUMIFS(Entradas!$C:$C,Entradas!$A:$A,$A7)-SUMIFS(SAIDA!$C:$C,SAIDA!$A:$A,$A7),SUMIFS(Entradas!$C:$C,Entradas!$A:$A,$A7,Entradas!$B:$B,"<="&$D$2)-SUMIFS(SAIDA!$C:$C,SAIDA!$A:$A,$A7,SAIDA!$B:$B,"<="&$D$2)) -> 0 | E7: =IF($A7="","",IFERROR(VLOOKUP($A7,Entradas!$A:$D,4,FALSE),"")) -> 0 | F7: ABB | K7: =SUMIF(Entradas!A:A,A7,Entradas!C:C) -> 3 | L7: =SUMIF(SAIDA!A:A,A7,SAIDA!C:C) -> 3
A8: 68569354 | C8: ARMARIO 01 | D8: =IF(ISBLANK($D$2),SUMIFS(Entradas!$C:$C,Entradas!$A:$A,$A8)-SUMIFS(SAIDA!$C:$C,SAIDA!$A:$A,$A8),SUMIFS(Entradas!$C:$C,Entradas!$A:$A,$A8,Entradas!$B:$B,"<="&$D$2)-SUMIFS(SAIDA!$C:$C,SAIDA!$A:$A,$A8,SAIDA!$B:$B,"<="&$D$2)) -> 3 | E8: =IF($A8="","",IFERROR(VLOOKUP($A8,Entradas!$A:$D,4,FALSE),"")) -> 0 | F8: ABB | K8: =SUMIF(Entradas!A:A,A8,Entradas!C:C) -> 3 | L8: =SUMIF(SAIDA!A:A,A8,SAIDA!C:C) -> 0
A9: 100C09C200 | B9: 100C09C200 | C9: F 34 | D9: =IF(ISBLANK($D$2),SUMIFS(Entradas!$C:$C,Entradas!$A:$A,$A9)-SUMIFS(SAIDA!$C:$C,SAIDA!$A:$A,$A9),SUMIFS(Entradas!$C:$C,Entradas!$A:$A,$A9,Entradas!$B:$B,"<="&$D$2)-SUMIFS(SAIDA!$C:$C,SAIDA!$A:$A,$A9,SAIDA!$B:$B,"<="&$D$2)) -> 6 | E9: =IF($A9="","",IFERROR(VLOOKUP($A9,Entradas!$A:$D,4,FALSE),"")) -> 0 | F9: ALLEN BRADLEY | I9: #N/A | K9: =SUMIF(Entradas!A:A,A9,Entradas!C:C) -> 6 | L9: =SUMIF(SAIDA!A:A,A9,SAIDA!C:C) -> 0
A10: 100C09EJ10 | B10: 100C09EJ10 | C10: F 34 | D10: =IF(ISBLANK($D$2),SUMIFS(Entradas!$C:$C,Entradas!$A:$A,$A10)-SUMIFS(SAIDA!$C:$C,SAIDA!$A:$A,$A10),SUMIFS(Entradas!$C:$C,Entradas!$A:$A,$A10,Entradas!$B:$B,"<="&$D$2)-SUMIFS(SAIDA!$C:$C,SAIDA!$A:$A,$A10,SAIDA!$B:$B,"<="&$D$2)) -> 0 | E10: =IF($A10="","",IFERROR(VLOOKUP($A10,Entradas!$A:$D,4,FALSE),"")) -> 0 | F10: ALLEN BRADLEY | I10: #N/A | K10: =SUMIF(Entradas!A:A,A10,Entradas!C:C) -> 0 | L10: =SUMIF(SAIDA!A:A,A10,SAIDA!C:C) -> 0
A11: 100C16DJ10 | B11: 100C16DJ10 | C11: F 34 | D11: =IF(ISBLANK($D$2),SUMIFS(Entradas!$C:$C,Entradas!$A:$A,$A11)-SUMIFS(SAIDA!$C:$C,SAIDA!$A:$A,$A11),SUMIFS(Entradas!$C:$C,Entradas!$A:$A,$A11,Entradas!$B:$B,"<="&$D$2)-SUMIFS(SAIDA!$C:$C,SAIDA!$A:$A,$A11,SAIDA!$B:$B,"<="&$D$2)) -> 0 | E11: =IF($A11="","",IFERROR(VLOOKUP($A11,Entradas!$A:$D,4,FALSE),"")) -> 0 | F11: ALLEN BRADLEY | H11: 1- Fora da cx. | I11: #N/A | K11: =SUMIF(Entradas!A:A,A11,Entradas!C:C) -> 0 | L11: =SUMIF(SAIDA!A:A,A11,SAIDA!C:C) -> 0
A12: 100C23D10 | B12: 100C23D10 | C12: F | D12: =IF(ISBLANK($D$2),SUMIFS(Entradas!$C:$C,Entradas!$A:$A,$A12)-SUMIFS(SAIDA!$C:$C,SAIDA!$A:$A,$A12),SUMIFS(Entradas!$C:$C,Entradas!$A:$A,$A12,Entradas!$B:$B,"<="&$D$2)-SUMIFS(SAIDA!$C:$C,SAIDA!$A:$A,$A12,SAIDA!$B:$B,"<="&$D$2)) -> 1 | E12: =IF($A12="","",IFERROR(VLOOKUP($A12,Entradas!$A:$D,4,FALSE),"")) -> 0 | F12: ALLEN BRADLEY | H12: 1- Fora da cx. | I12: #N/A | K12: =SUMIF(Entradas!A:A,A12,Entradas!C:C) -> 1 | L12: =SUMIF(SAIDA!A:A,A12,SAIDA!C:C) -> 0
A13: 100C23DJ10 | B13: 100C23DJ10 | C13: F 34 | D13: =IF(ISBLANK($D$2),SUMIFS(Entradas!$C:$C,Entradas!$A:$A,$A13)-SUMIFS(SAIDA!$C:$C,SAIDA!$A:$A,$A13),SUMIFS(Entradas!$C:$C,Entradas!$A:$A,$A13,Entradas!$B:$B,"<="&$D$2)-SUMIFS(SAIDA!$C:$C,SAIDA!$A:$A,$A13,SAIDA!$B:$B,"<="&$D$2)) -> 3 | E13: =IF($A13="","",IFERROR(VLOOKUP($A13,Entradas!$A:$D,4,FALSE),"")) -> 0 | F13: ALLEN BRADLEY | I13: #N/A | K13: =SUMIF(Entradas!A:A,A13,Entradas!C:C) -> 3 | L13: =SUMIF(SAIDA!A:A,A13,SAIDA!C:C) -> 0
A14: 100C23EJ10 | B14: 100C23EJ10 | C14: F 34 | D14: =IF(ISBLANK($D$2),SUMIFS(Entradas!$C:$C,Entradas!$A:$A,$A14)-SUMIFS(SAIDA!$C:$C,SAIDA!$A:$A,$A14),SUMIFS(Entradas!$C:$C,Entradas!$A:$A,$A14,Entradas!$B:$B,"<="&$D$2)-SUMIFS(SAIDA!$C:$C,SAIDA!$A:$A,$A14,SAIDA!$B:$B,"<="&$D$2)) -> 0 | E14: =IF($A14="","",IFERROR(VLOOKUP($A14,Entradas!$A:$D,4,FALSE),"")) -> 0 | F14: ALLEN BRADLEY | I14: #N/A | K14: =SUMIF(Entradas!A:A,A14,Entradas!C:C) -> 0 | L14: =SUMIF(SAIDA!A:A,A14,SAIDA!C:C) -> 0
A15: 100C23ZJ10 | B15: 100C23ZJ10 | C15: F 34 | D15: =IF(ISBLANK($D$2),SUMIFS(Entradas!$C:$C,Entradas!$A:$A,$A15)-SUMIFS(SAIDA!$C:$C,SAIDA!$A:$A,$A15),SUMIFS(Entradas!$C:$C,Entradas!$A:$A,$A15,Entradas!$B:$B,"<="&$D$2)-SUMIFS(SAIDA!$C:$C,SAIDA!$A:$A,$A15,SAIDA!$B:$B,"<="&$D$2)) -> 6 | E15: =IF($A15="","",IFERROR(VLOOKUP($A15,Entradas!$A:$D,4,FALSE),"")) -> 0 | F15: ALLEN BRADLEY | I15: #N/A | K15: =SUMIF(Entradas!A:A,A15,Entradas!C:C) -> 6 | L15: =SUMIF(SAIDA!A:A,A15,SAIDA!C:C) -> 0
A16: 100C30D10 | B16: 100C30D10 | C16: F | D16: =IF(ISBLANK($D$2),SUMIFS(Entradas!$C:$C,Entradas!$A:$A,$A16)-SUMIFS(SAIDA!$C:$C,SAIDA!$A:$A,$A16),SUMIFS(Entradas!$C:$C,Entradas!$A:$A,$A16,Entradas!$B:$B,"<="&$D$2)-SUMIFS(SAIDA!$C:$C,SAIDA!$A:$A,$A16,SAIDA!$B:$B,"<="&$D$2)) -> 1 | E16: =IF($A16="","",IFERROR(VLOOKUP($A16,Entradas!$A:$D,4,FALSE),"")) -> 0 | F16: ALLEN BRADLEY | I16: #N/A | K16: =SUMIF(Entradas!A:A,A16,Entradas!C:C) -> 1 | L16: =SUMIF(SAIDA!A:A,A16,SAIDA!C:C) -> 0
A17: 100C30DJ10 | B17: 100C30DJ10 | C17: F 34 | D17: =IF(ISBLANK($D$2),SUMIFS(Entradas!$C:$C,Entradas!$A:$A,$A17)-SUMIFS(SAIDA!$C:$C,SAIDA!$A:$A,$A17),SUMIFS(Entradas!$C:$C,Entradas!$A:$A,$A17,Entradas!$B:$B,"<="&$D$2)-SUMIFS(SAIDA!$C:$C,SAIDA!$A:$A,$A17,SAIDA!$B:$B,"<="&$D$2)) -> 1 | E17: =IF($A17="","",IFERROR(VLOOKUP($A17,Entradas!$A:$D,4,FALSE),"")) -> 0 | F17: ALLEN BRADLEY | I17: #N/A | K17: =SUMIF(Entradas!A:A,A17,Entradas!C:C) -> 1 | L17: =SUMIF(SAIDA!A:A,A17,SAIDA!C:C) -> 0
A18: 100C37DJ10 | B18: 100C37DJ10 | C18: F 34 | D18: =IF(ISBLANK($D$2),SUMIFS(Entradas!$C:$C,Entradas!$A:$A,$A18)-SUMIFS(SAIDA!$C:$C,SAIDA!$A:$A,$A18),SUMIFS(Entradas!$C:$C,Entradas!$A:$A,$A18,Entradas!$B:$B,"<="&$D$2)-SUMIFS(SAIDA!$C:$C,SAIDA!$A:$A,$A18,SAIDA!$B:$B,"<="&$D$2)) -> 1 | E18: =IF($A18="","",IFERROR(VLOOKUP($A18,Entradas!$A:$D,4,FALSE),"")) -> 0 | F18: ALLEN BRADLEY | I18: #N/A | K18: =SUMIF(Entradas!A:A,A18,Entradas!C:C) -> 1 | L18: =SUMIF(SAIDA!A:A,A18,SAIDA!C:C) -> 0
A19: 100C43D00 | B19: 100C43D00 | C19: F 34 | D19: =IF(ISBLANK($D$2),SUMIFS(Entradas!$C:$C,Entradas!$A:$A,$A19)-SUMIFS(SAIDA!$C:$C,SAIDA!$A:$A,$A19),SUMIFS(Entradas!$C:$C,Entradas!$A:$A,$A19,Entradas!$B:$B,"<="&$D$2)-SUMIFS(SAIDA!$C:$C,SAIDA!$A:$A,$A19,SAIDA!$B:$B,"<="&$D$2)) -> 0 | E19: =IF($A19="","",IFERROR(VLOOKUP($A19,Entradas!$A:$D,4,FALSE),"")) -> 0 | F19: ALLEN BRADLEY | I19: #N/A | K19: =SUMIF(Entradas!A:A,A19,Entradas!C:C) -> 0 | L19: =SUMIF(SAIDA!A:A,A19,SAIDA!C:C) -> 0
A20: 100C72KF00 | B20: 100C72KF00 | C20: F 34 | D20: =IF(ISBLANK($D$2),SUMIFS(Entradas!$C:$C,Entradas!$A:$A,$A20)-SUMIFS(SAIDA!$C:$C,SAIDA!$A:$A,$A20),SUMIFS(Entradas!$C:$C,Entradas!$A:$A,$A20,Entradas!$B:$B,"<="&$D$2)-SUMIFS(SAIDA!$C:$C,SAIDA!$A:$A,$A20,SAIDA!$B:$B,"<="&$D$2)) -> 0 | E20: =IF($A20="","",IFERROR(VLOOKUP($A20,Entradas!$A:$D,4,FALSE),"")) -> 0 | F20: ALLEN BRADLEY | I20: #N/A | K20: =SUMIF(Entradas!A:A,A20,Entradas!C:C) -> 0 | L20: =SUMIF(SAIDA!A:A,A20,SAIDA!C:C) -> 0
A21: 100C85D10 | B21: 100C85D10 | C21: F 34 | D21: =IF(ISBLANK($D$2),SUMIFS(Entradas!$C:$C,Entradas!$A:$A,$A21)-SUMIFS(SAIDA!$C:$C,SAIDA!$A:$A,$A21),SUMIFS(Entradas!$C:$C,Entradas!$A:$A,$A21,Entradas!$B:$B,"<="&$D$2)-SUMIFS(SAIDA!$C:$C,SAIDA!$A:$A,$A21,SAIDA!$B:$B,"<="&$D$2)) -> 0 | E21: =IF($A21="","",IFERROR(VLOOKUP($A21,Entradas!$A:$D,4,FALSE),"")) -> 0 | F21: ALLEN BRADLEY | I21: #N/A | K21: =SUMIF(Entradas!A:A,A21,Entradas!C:C) -> 0 | L21: =SUMIF(SAIDA!A:A,A21,SAIDA!C:C) -> 0
A22: 100C85KB10 | B22: 100C85KB10 | C22: F 31 | D22: =IF(ISBLANK($D$2),SUMIFS(Entradas!$C:$C,Entradas!$A:$A,$A22)-SUMIFS(SAIDA!$C:$C,SAIDA!$A:$A,$A22),SUMIFS(Entradas!$C:$C,Entradas!$A:$A,$A22,Entradas!$B:$B,"<="&$D$2)-SUMIFS(SAIDA!$C:$C,SAIDA!$A:$A,$A22,SAIDA!$B:$B,"<="&$D$2)) -> 3 | E22: =IF($A22="","",IFERROR(VLOOKUP($A22,Entradas!$A:$D,4,FALSE),"")) -> 0 | F22: ALLEN BRADLEY | I22: #N/A | K22: =SUMIF(Entradas!A:A,A22,Entradas!C:C) -> 3 | L22: =SUMIF(SAIDA!A:A,A22,SAIDA!C:C) -> 0
A23: 100D210EA11 | B23: 100D210EA11 | C23: F 35 | D23: =IF(ISBLANK($D$2),SUMIFS(Entradas!$C:$C,Entradas!$A:$A,$A23)-SUMIFS(SAIDA!$C:$C,SAIDA!$A:$A,$A23),SUMIFS(Entradas!$C:$C,Entradas!$A:$A,$A23,Entradas!$B:$B,"<="&$D$2)-SUMIFS(SAIDA!$C:$C,SAIDA!$A:$A,$A23,SAIDA!$B:$B,"<="&$D$2)) -> 1 | E23: =IF($A23="","",IFERROR(VLOOKUP($A23,Entradas!$A:$D,4,FALSE),"")) -> 0 | F23: ALLEN BRADLEY | I23: #N/A | K23: =SUMIF(Entradas!A:A,A23,Entradas!C:C) -> 1 | L23: =SUMIF(SAIDA!A:A,A23,SAIDA!C:C) -> 0
A24: 100D860 | B24: 100D860 | C24: F 34 | D24: =IF(ISBLANK($D$2),SUMIFS(Entradas!$C:$C,Entradas!$A:$A,$A24)-SUMIFS(SAIDA!$C:$C,SAIDA!$A:$A,$A24),SUMIFS(Entradas!$C:$C,Entradas!$A:$A,$A24,Entradas!$B:$B,"<="&$D$2)-SUMIFS(SAIDA!$C:$C,SAIDA!$A:$A,$A24,SAIDA!$B:$B,"<="&$D$2)) -> 0 | E24: =IF($A24="","",IFERROR(VLOOKUP($A24,Entradas!$A:$D,4,FALSE),"")) -> 0 | F24: ALLEN BRADLEY | H24: CAIXA DANIFICADA | I24: #N/A | K24: =SUMIF(Entradas!A:A,A24,Entradas!C:C) -> 0 | L24: =SUMIF(SAIDA!A:A,A24,SAIDA!C:C) -> 0
A25: 100DC110 | B25: 100DC110 | C25: F 34 | D25: =IF(ISBLANK($D$2),SUMIFS(Entradas!$C:$C,Entradas!$A:$A,$A25)-SUMIFS(SAIDA!$C:$C,SAIDA!$A:$A,$A25),SUMIFS(Entradas!$C:$C,Entradas!$A:$A,$A25,Entradas!$B:$B,"<="&$D$2)-SUMIFS(SAIDA!$C:$C,SAIDA!$A:$A,$A25,SAIDA!$B:$B,"<="&$D$2)) -> 1 | E25: =IF($A25="","",IFERROR(VLOOKUP($A25,Entradas!$A:$D,4,FALSE),"")) -> 0 | F25: ALLEN BRADLEY | I25: #N/A | K25: =SUMIF(Entradas!A:A,A25,Entradas!C:C) -> 1 | L25: =SUMIF(SAIDA!A:A,A25,SAIDA!C:C) -> 0
A26: 100DNY41R | B26: 100DNY41R | C26: F 36 | D26: =IF(ISBLANK($D$2),SUMIFS(Entradas!$C:$C,Entradas!$A:$A,$A26)-SUMIFS(SAIDA!$C:$C,SAIDA!$A:$A,$A26),SUMIFS(Entradas!$C:$C,Entradas!$A:$A,$A26,Entradas!$B:$B,"<="&$D$2)-SUMIFS(SAIDA!$C:$C,SAIDA!$A:$A,$A26,SAIDA!$B:$B,"<="&$D$2)) -> 5 | E26: =IF($A26="","",IFERROR(VLOOKUP($A26,Entradas!$A:$D,4,FALSE),"")) -> 0 | F26: ALLEN BRADLEY | I26: #N/A | K26: =SUMIF(Entradas!A:A,A26,Entradas!C:C) -> 5 | L26: =SUMIF(SAIDA!A:A,A26,SAIDA!C:C) -> 0
A27: 100DS111 | B27: 100DS111 | C27: F 34 | D27: =IF(ISBLANK($D$2),SUMIFS(Entradas!$C:$C,Entradas!$A:$A,$A27)-SUMIFS(SAIDA!$C:$C,SAIDA!$A:$A,$A27),SUMIFS(Entradas!$C:$C,Entradas!$A:$A,$A27,Entradas!$B:$B,"<="&$D$2)-SUMIFS(SAIDA!$C:$C,SAIDA!$A:$A,$A27,SAIDA!$B:$B,"<="&$D$2)) -> 1 | E27: =IF($A27="","",IFERROR(VLOOKUP($A27,Entradas!$A:$D,4,FALSE),"")) -> 0 | F27: ALLEN BRADLEY | I27: #N/A | K27: =SUMIF(Entradas!A:A,A27,Entradas!C:C) -> 1 | L27: =SUMIF(SAIDA!A:A,A27,SAIDA!C:C) -> 0
A28: 100DS211 | B28: 100DS211 | C28: F 34 | D28: =IF(ISBLANK($D$2),SUMIFS(Entradas!$C:$C,Entradas!$A:$A,$A28)-SUMIFS(SAIDA!$C:$C,SAIDA!$A:$A,$A28),SUMIFS(Entradas!$C:$C,Entradas!$A:$A,$A28,Entradas!$B:$B,"<="&$D$2)-SUMIFS(SAIDA!$C:$C,SAIDA!$A:$A,$A28,SAIDA!$B:$B,"<="&$D$2)) -> 2 | E28: =IF($A28="","",IFERROR(VLOOKUP($A28,Entradas!$A:$D,4,FALSE),"")) -> 0 | F28: ALLEN BRADLEY | H28: 2 PC-F/CAIXA (LOCALIZADO NA CAIXA 01) | I28: #N/A | K28: =SUMIF(Entradas!A:A,A28,Entradas!C:C) -> 2 | L28: =SUMIF(SAIDA!A:A,A28,SAIDA!C:C) -> 0
A29: 100DTB420 | B29: 100DTB420 | C29: F 35 | D29: =IF(ISBLANK($D$2),SUMIFS(Entradas!$C:$C,Entradas!$A:$A,$A29)-SUMIFS(SAIDA!$C:$C,SAIDA!$A:$A,$A29),SUMIFS(Entradas!$C:$C,Entradas!$A:$A,$A29,Entradas!$B:$B,"<="&$D$2)-SUMIFS(SAIDA!$C:$C,SAIDA!$A:$A,$A29,SAIDA!$B:$B,"<="&$D$2)) -> 1 | E29: =IF($A29="","",IFERROR(VLOOKUP($A29,Entradas!$A:$D,4,FALSE),"")) -> 0 | F29: ALLEN BRADLEY | I29: #N/A | K29: =SUMIF(Entradas!A:A,A29,Entradas!C:C) -> 1 | L29: =SUMIF(SAIDA!A:A,A29,SAIDA!C:C) -> 0
A30: 100-FA11 | B30: 100-FA11 | C30: F 34 | D30: =IF(ISBLANK($D$2),SUMIFS(Entradas!$C:$C,Entradas!$A:$A,$A30)-SUMIFS(SAIDA!$C:$C,SAIDA!$A:$A,$A30),SUMIFS(Entradas!$C:$C,Entradas!$A:$A,$A30,Entradas!$B:$B,"<="&$D$2)-SUMIFS(SAIDA!$C:$C,SAIDA!$A:$A,$A30,SAIDA!$B:$B,"<="&$D$2)) -> 14 | E30: =IF($A30="","",IFERROR(VLOOKUP($A30,Entradas!$A:$D,4,FALSE),"")) -> 0 | F30: ALLEN BRADLEY | I30: #N/A | K30: =SUMIF(Entradas!A:A,A30,Entradas!C:C) -> 14 | L30: =SUMIF(SAIDA!A:A,A30,SAIDA!C:C) -> 0
A31: 100-FA22 | B31: 100-FA22 | C31: F 34 | D31: =IF(ISBLANK($D$2),SUMIFS(Entradas!$C:$C,Entradas!$A:$A,$A31)-SUMIFS(SAIDA!$C:$C,SAIDA!$A:$A,$A31),SUMIFS(Entradas!$C:$C,Entradas!$A:$A,$A31,Entradas!$B:$B,"<="&$D$2)-SUMIFS(SAIDA!$C:$C,SAIDA!$A:$A,$A31,SAIDA!$B:$B,"<="&$D$2)) -> 7 | E31: =IF($A31="","",IFERROR(VLOOKUP($A31,Entradas!$A:$D,4,FALSE),"")) -> 0 | F31: ALLEN BRADLEY | K31: =SUMIF(Entradas!A:A,A31,Entradas!C:C) -> 7 | L31: =SUMIF(SAIDA!A:A,A31,SAIDA!C:C) -> 0
A32: 100FA31 | B32: 100FA31 | C32: F 34 | D32: =IF(ISBLANK($D$2),SUMIFS(Entradas!$C:$C,Entradas!$A:$A,$A32)-SUMIFS(SAIDA!$C:$C,SAIDA!$A:$A,$A32),SUMIFS(Entradas!$C:$C,Entradas!$A:$A,$A32,Entradas!$B:$B,"<="&$D$2)-SUMIFS(SAIDA!$C:$C,SAIDA!$A:$A,$A32,SAIDA!$B:$B,"<="&$D$2)) -> 1 | E32: =IF($A32="","",IFERROR(VLOOKUP($A32,Entradas!$A:$D,4,FALSE),"")) -> 0 | F32: ALLEN BRADLEY | I32: #N/A | K32: =SUMIF(Entradas!A:A,A32,Entradas!C:C) -> 1 | L32: =SUMIF(SAIDA!A:A,A32,SAIDA!C:C) -> 0
A33: 100FA40 | B33: 100FA40 | C33: F 34 | D33: =IF(ISBLANK($D$2),SUMIFS(Entradas!$C:$C,Entradas!$A:$A,$A33)-SUMIFS(SAIDA!$C:$C,SAIDA!$A:$A,$A33),SUMIFS(Entradas!$C:$C,Entradas!$A:$A,$A33,Entradas!$B:$B,"<="&$D$2)-SUMIFS(SAIDA!$C:$C,SAIDA!$A:$A,$A33,SAIDA!$B:$B,"<="&$D$2)) -> 0 | E33: =IF($A33="","",IFERROR(VLOOKUP($A33,Entradas!$A:$D,4,FALSE),"")) -> 0 | F33: ALLEN BRADLEY | I33: #N/A | K33: =SUMIF(Entradas!A:A,A33,Entradas!C:C) -> 0 | L33: =SUMIF(SAIDA!A:A,A33,SAIDA!C:C) -> 0
A34: 100FPTA180 | B34: 100FPTA180 | C34: F 34 | D34: =IF(ISBLANK($D$2),SUMIFS(Entradas!$C:$C,Entradas!$A:$A,$A34)-SUMIFS(SAIDA!$C:$C,SAIDA!$A:$A,$A34),SUMIFS(Entradas!$C:$C,Entradas!$A:$A,$A34,Entradas!$B:$B,"<="&$D$2)-SUMIFS(SAIDA!$C:$C,SAIDA!$A:$A,$A34,SAIDA!$B:$B,"<="&$D$2)) -> 2 | E34: =IF($A34="","",IFERROR(VLOOKUP($A34,Entradas!$A:$D,4,FALSE),"")) -> 0 | F34: ALLEN BRADLEY | I34: #N/A | K34: =SUMIF(Entradas!A:A,A34,Entradas!C:C) -> 2 | L34: =SUMIF(SAIDA!A:A,A34,SAIDA!C:C) -> 0
A35: 100FPTB30 | B35: 100FPTB30 | C35: F 34 | D35: =IF(ISBLANK($D$2),SUMIFS(Entradas!$C:$C,Entradas!$A:$A,$A35)-SUMIFS(SAIDA!$C:$C,SAIDA!$A:$A,$A35),SUMIFS(Entradas!$C:$C,Entradas!$A:$A,$A35,Entradas!$B:$B,"<="&$D$2)-SUMIFS(SAIDA!$C:$C,SAIDA!$A:$A,$A35,SAIDA!$B:$B,"<="&$D$2)) -> 3 | E35: =IF($A35="","",IFERROR(VLOOKUP($A35,Entradas!$A:$D,4,FALSE),"")) -> 0 | F35: ALLEN BRADLEY | I35: #N/A | K35: =SUMIF(Entradas!A:A,A35,Entradas!C:C) -> 3 | L35: =SUMIF(SAIDA!A:A,A35,SAIDA!C:C) -> 0
A36: 100FSV136 | B36: 100FSV136 | C36: F 34 | D36: =IF(ISBLANK($D$2),SUMIFS(Entradas!$C:$C,Entradas!$A:$A,$A36)-SUMIFS(SAIDA!$C:$C,SAIDA!$A:$A,$A36),SUMIFS(Entradas!$C:$C,Entradas!$A:$A,$A36,Entradas!$B:$B,"<="&$D$2)-SUMIFS(SAIDA!$C:$C,SAIDA!$A:$A,$A36,SAIDA!$B:$B,"<="&$D$2)) -> 16 | E36: =IF($A36="","",IFERROR(VLOOKUP($A36,Entradas!$A:$D,4,FALSE),"")) -> 0 | F36: ALLEN BRADLEY | I36: #N/A | K36: =SUMIF(Entradas!A:A,A36,Entradas!C:C) -> 16 | L36: =SUMIF(SAIDA!A:A,A36,SAIDA!C:C) -> 0
A37: 100K05KA10 | B37: 100K05KA10 | C37: F | D37: =IF(ISBLANK($D$2),SUMIFS(Entradas!$C:$C,Entradas!$A:$A,$A37)-SUMIFS(SAIDA!$C:$C,SAIDA!$A:$A,$A37),SUMIFS(Entradas!$C:$C,Entradas!$A:$A,$A37,Entradas!$B:$B,"<="&$D$2)-SUMIFS(SAIDA!$C:$C,SAIDA!$A:$A,$A37,SAIDA!$B:$B,"<="&$D$2)) -> 1 | E37: =IF($A37="","",IFERROR(VLOOKUP($A37,Entradas!$A:$D,4,FALSE),"")) -> 0 | F37: ALLEN BRADLEY | I37: #N/A | K37: =SUMIF(Entradas!A:A,A37,Entradas!C:C) -> 1 | L37: =SUMIF(SAIDA!A:A,A37,SAIDA!C:C) -> 0
A38: 100K05ZJ300 | B38: 100K05ZJ300 | C38: F | D38: =IF(ISBLANK($D$2),SUMIFS(Entradas!$C:$C,Entradas!$A:$A,$A38)-SUMIFS(SAIDA!$C:$C,SAIDA!$A:$A,$A38),SUMIFS(Entradas!$C:$C,Entradas!$A:$A,$A38,Entradas!$B:$B,"<="&$D$2)-SUMIFS(SAIDA!$C:$C,SAIDA!$A:$A,$A38,SAIDA!$B:$B,"<="&$D$2)) -> 6 | E38: =IF($A38="","",IFERROR(VLOOKUP($A38,Entradas!$A:$D,4,FALSE),"")) -> 0 | F38: ALLEN BRADLEY | I38: #N/A | K38: =SUMIF(Entradas!A:A,A38,Entradas!C:C) -> 6 | L38: =SUMIF(SAIDA!A:A,A38,SAIDA!C:C) -> 0
A39: 100K09KF10 | B39: 100K09KF10 | C39: F | D39: =IF(ISBLANK($D$2),SUMIFS(Entradas!$C:$C,Entradas!$A:$A,$A39)-SUMIFS(SAIDA!$C:$C,SAIDA!$A:$A,$A39),SUMIFS(Entradas!$C:$C,Entradas!$A:$A,$A39,Entradas!$B:$B,"<="&$D$2)-SUMIFS(SAIDA!$C:$C,SAIDA!$A:$A,$A39,SAIDA!$B:$B,"<="&$D$2)) -> 9 | E39: =IF($A39="","",IFERROR(VLOOKUP($A39,Entradas!$A:$D,4,FALSE),"")) -> 0 | F39: ALLEN BRADLEY | I39: #N/A | K39: =SUMIF(Entradas!A:A,A39,Entradas!C:C) -> 9 | L39: =SUMIF(SAIDA!A:A,A39,SAIDA!C:C) -> 0
A40: 100KFA13E | B40: 100KFA13E | C40: F 34 | D40: =IF(ISBLANK($D$2),SUMIFS(Entradas!$C:$C,Entradas!$A:$A,$A40)-SUMIFS(SAIDA!$C:$C,SAIDA!$A:$A,$A40),SUMIFS(Entradas!$C:$C,Entradas!$A:$A,$A40,Entradas!$B:$B,"<="&$D$2)-SUMIFS(SAIDA!$C:$C,SAIDA!$A:$A,$A40,SAIDA!$B:$B,"<="&$D$2)) -> 7 | E40: =IF($A40="","",IFERROR(VLOOKUP($A40,Entradas!$A:$D,4,FALSE),"")) -> 0 | F40: ALLEN BRADLEY | H40: F\CX | I40: #N/A | K40: =SUMIF(Entradas!A:A,A40,Entradas!C:C) -> 7 | L40: =SUMIF(SAIDA!A:A,A40,SAIDA!C:C) -> 0
A41: 100KFSD250 | B41: 100KFSD250 | C41: F 34 | D41: =IF(ISBLANK($D$2),SUMIFS(Entradas!$C:$C,Entradas!$A:$A,$A41)-SUMIFS(SAIDA!$C:$C,SAIDA!$A:$A,$A41),SUMIFS(Entradas!$C:$C,Entradas!$A:$A,$A41,Entradas!$B:$B,"<="&$D$2)-SUMIFS(SAIDA!$C:$C,SAIDA!$A:$A,$A41,SAIDA!$B:$B,"<="&$D$2)) -> 1 | E41: =IF($A41="","",IFERROR(VLOOKUP($A41,Entradas!$A:$D,4,FALSE),"")) -> 0 | F41: ALLEN BRADLEY | I41: #N/A | K41: =SUMIF(Entradas!A:A,A41,Entradas!C:C) -> 1 | L41: =SUMIF(SAIDA!A:A,A41,SAIDA!C:C) -> 0
A42: 100M05NZ3 | B42: 100M05NZ3 | C42: F | D42: =IF(ISBLANK($D$2),SUMIFS(Entradas!$C:$C,Entradas!$A:$A,$A42)-SUMIFS(SAIDA!$C:$C,SAIDA!$A:$A,$A42),SUMIFS(Entradas!$C:$C,Entradas!$A:$A,$A42,Entradas!$B:$B,"<="&$D$2)-SUMIFS(SAIDA!$C:$C,SAIDA!$A:$A,$A42,SAIDA!$B:$B,"<="&$D$2)) -> 6 | E42: =IF($A42="","",IFERROR(VLOOKUP($A42,Entradas!$A:$D,4,FALSE),"")) -> 0 | F42: ALLEN BRADLEY | H42: F\CX | I42: #N/A | K42: =SUMIF(Entradas!A:A,A42,Entradas!C:C) -> 6 | L42: =SUMIF(SAIDA!A:A,A42,SAIDA!C:C) -> 0
A43: 100M09N3 | B43: 100M09N3 | C43: F | D43: =IF(ISBLANK($D$2),SUMIFS(Entradas!$C:$C,Entradas!$A:$A,$A43)-SUMIFS(SAIDA!$C:$C,SAIDA!$A:$A,$A43),SUMIFS(Entradas!$C:$C,Entradas!$A:$A,$A43,Entradas!$B:$B,"<="&$D$2)-SUMIFS(SAIDA!$C:$C,SAIDA!$A:$A,$A43,SAIDA!$B:$B,"<="&$D$2)) -> 2 | E43: =IF($A43="","",IFERROR(VLOOKUP($A43,Entradas!$A:$D,4,FALSE),"")) -> 0 | F43: ALLEN BRADLEY | H43: F\CX | I43: #N/A | K43: =SUMIF(Entradas!A:A,A43,Entradas!C:C) -> 2 | L43: =SUMIF(SAIDA!A:A,A43,SAIDA!C:C) -> 0
A44: 100NH00GB | B44: 100NH00GB | C44: F 35 | D44: =IF(ISBLANK($D$2),SUMIFS(Entradas!$C:$C,Entradas!$A:$A,$A44)-SUMIFS(SAIDA!$C:$C,SAIDA!$A:$A,$A44),SUMIFS(Entradas!$C:$C,Entradas!$A:$A,$A44,Entradas!$B:$B,"<="&$D$2)-SUMIFS(SAIDA!$C:$C,SAIDA!$A:$A,$A44,SAIDA!$B:$B,"<="&$D$2)) -> 1 | E44: =IF($A44="","",IFERROR(VLOOKUP($A44,Entradas!$A:$D,4,FALSE),"")) -> 0 | F44: BUSMANN | H44: 100A X 500V | I44: #N/A | K44: =SUMIF(Entradas!A:A,A44,Entradas!C:C) -> 1 | L44: =SUMIF(SAIDA!A:A,A44,SAIDA!C:C) -> 0
A45: 100SA01 | B45: 100SA01 | C45: F | D45: =IF(ISBLANK($D$2),SUMIFS(Entradas!$C:$C,Entradas!$A:$A,$A45)-SUMIFS(SAIDA!$C:$C,SAIDA!$A:$A,$A45),SUMIFS(Entradas!$C:$C,Entradas!$A:$A,$A45,Entradas!$B:$B,"<="&$D$2)-SUMIFS(SAIDA!$C:$C,SAIDA!$A:$A,$A45,SAIDA!$B:$B,"<="&$D$2)) -> 1 | E45: =IF($A45="","",IFERROR(VLOOKUP($A45,Entradas!$A:$D,4,FALSE),"")) -> 0 | F45: ALLEN BRADLEY | I45: #N/A | K45: =SUMIF(Entradas!A:A,A45,Entradas!C:C) -> 1 | L45: =SUMIF(SAIDA!A:A,A45,SAIDA!C:C) -> 0
A46: 100SA10 | B46: 100SA10 | C46: F | D46: =IF(ISBLANK($D$2),SUMIFS(Entradas!$C:$C,Entradas!$A:$A,$A46)-SUMIFS(SAIDA!$C:$C,SAIDA!$A:$A,$A46),SUMIFS(Entradas!$C:$C,Entradas!$A:$A,$A46,Entradas!$B:$B,"<="&$D$2)-SUMIFS(SAIDA!$C:$C,SAIDA!$A:$A,$A46,SAIDA!$B:$B,"<="&$D$2)) -> 48 | E46: =IF($A46="","",IFERROR(VLOOKUP($A46,Entradas!$A:$D,4,FALSE),"")) -> 0 | F46: ALLEN BRADLEY | I46: #N/A | K46: =SUMIF(Entradas!A:A,A46,Entradas!C:C) -> 48 | L46: =SUMIF(SAIDA!A:A,A46,SAIDA!C:C) -> 0
A47: 100SA11 | B47: 100SA11 | C47: F 34 | D47: =IF(ISBLANK($D$2),SUMIFS(Entradas!$C:$C,Entradas!$A:$A,$A47)-SUMIFS(SAIDA!$C:$C,SAIDA!$A:$A,$A47),SUMIFS(Entradas!$C:$C,Entradas!$A:$A,$A47,Entradas!$B:$B,"<="&$D$2)-SUMIFS(SAIDA!$C:$C,SAIDA!$A:$A,$A47,SAIDA!$B:$B,"<="&$D$2)) -> 15 | E47: =IF($A47="","",IFERROR(VLOOKUP($A47,Entradas!$A:$D,4,FALSE),"")) -> 0 | F47: ALLEN BRADLEY | I47: #N/A | K47: =SUMIF(Entradas!A:A,A47,Entradas!C:C) -> 15 | L47: =SUMIF(SAIDA!A:A,A47,SAIDA!C:C) -> 0
A48: 100SB01 | B48: 100SB01 | C48: F 34 | D48: =IF(ISBLANK($D$2),SUMIFS(Entradas!$C:$C,Entradas!$A:$A,$A48)-SUMIFS(SAIDA!$C:$C,SAIDA!$A:$A,$A48),SUMIFS(Entradas!$C:$C,Entradas!$A:$A,$A48,Entradas!$B:$B,"<="&$D$2)-SUMIFS(SAIDA!$C:$C,SAIDA!$A:$A,$A48,SAIDA!$B:$B,"<="&$D$2)) -> 9 | E48: =IF($A48="","",IFERROR(VLOOKUP($A48,Entradas!$A:$D,4,FALSE),"")) -> 0 | F48: ALLEN BRADLEY | I48: #N/A | K48: =SUMIF(Entradas!A:A,A48,Entradas!C:C) -> 9 | L48: =SUMIF(SAIDA!A:A,A48,SAIDA!C:C) -> 0
A49: 100SB20 | B49: 100SB20 | C49: F 34 | D49: =IF(ISBLANK($D$2),SUMIFS(Entradas!$C:$C,Entradas!$A:$A,$A49)-SUMIFS(SAIDA!$C:$C,SAIDA!$A:$A,$A49),SUMIFS(Entradas!$C:$C,Entradas!$A:$A,$A49,Entradas!$B:$B,"<="&$D$2)-SUMIFS(SAIDA!$C:$C,SAIDA!$A:$A,$A49,SAIDA!$B:$B,"<="&$D$2)) -> 9 | E49: =IF($A49="","",IFERROR(VLOOKUP($A49,Entradas!$A:$D,4,FALSE),"")) -> 0 | F49: ALLEN BRADLEY | I49: #N/A | K49: =SUMIF(Entradas!A:A,A49,Entradas!C:C) -> 9 | L49: =SUMIF(SAIDA!A:A,A49,SAIDA!C:C) -> 0
A50: 100SC09KD14C | B50: 100SC09KD14C | C50: F 35 | D50: =IF(ISBLANK($D$2),SUMIFS(Entradas!$C:$C,Entradas!$A:$A,$A50)-SUMIFS(SAIDA!$C:$C,SAIDA!$A:$A,$A50),SUMIFS(Entradas!$C:$C,Entradas!$A:$A,$A50,Entradas!$B:$B,"<="&$D$2)-SUMIFS(SAIDA!$C:$C,SAIDA!$A:$A,$A50,SAIDA!$B:$B,"<="&$D$2)) -> 2 | E50: =IF($A50="","",IFERROR(VLOOKUP($A50,Entradas!$A:$D,4,FALSE),"")) -> 0 | F50: ALLEN BRADLEY | I50: #N/A | K50: =SUMIF(Entradas!A:A,A50,Entradas!C:C) -> 2 | L50: =SUMIF(SAIDA!A:A,A50,SAIDA!C:C) -> 0
A51: 100SC09KJ14C | B51: 100SC09KJ14C | C51: F 35 | D51: =IF(ISBLANK($D$2),SUMIFS(Entradas!$C:$C,Entradas!$A:$A,$A51)-SUMIFS(SAIDA!$C:$C,SAIDA!$A:$A,$A51),SUMIFS(Entradas!$C:$C,Entradas!$A:$A,$A51,Entradas!$B:$B,"<="&$D$2)-SUMIFS(SAIDA!$C:$C,SAIDA!$A:$A,$A51,SAIDA!$B:$B,"<="&$D$2)) -> 1 | E51: =IF($A51="","",IFERROR(VLOOKUP($A51,Entradas!$A:$D,4,FALSE),"")) -> 0 | F51: ALLEN BRADLEY | I51: #N/A | K51: =SUMIF(Entradas!A:A,A51,Entradas!C:C) -> 1 | L51: =SUMIF(SAIDA!A:A,A51,SAIDA!C:C) -> 0
A52: 100SC16DJ14C | B52: 100SC16DJ14C | C52: F 34 | D52: =IF(ISBLANK($D$2),SUMIFS(Entradas!$C:$C,Entradas!$A:$A,$A52)-SUMIFS(SAIDA!$C:$C,SAIDA!$A:$A,$A52),SUMIFS(Entradas!$C:$C,Entradas!$A:$A,$A52,Entradas!$B:$B,"<="&$D$2)-SUMIFS(SAIDA!$C:$C,SAIDA!$A:$A,$A52,SAIDA!$B:$B,"<="&$D$2)) -> 2 | E52: =IF($A52="","",IFERROR(VLOOKUP($A52,Entradas!$A:$D,4,FALSE),"")) -> 0 | F52: ALLEN BRADLEY | I52: #N/A | K52: =SUMIF(Entradas!A:A,A52,Entradas!C:C) -> 2 | L52: =SUMIF(SAIDA!A:A,A52,SAIDA!C:C) -> 0
A53: 100SC60D14C | B53: 100SC60D14C | C53: F | D53: =IF(ISBLANK($D$2),SUMIFS(Entradas!$C:$C,Entradas!$A:$A,$A53)-SUMIFS(SAIDA!$C:$C,SAIDA!$A:$A,$A53),SUMIFS(Entradas!$C:$C,Entradas!$A:$A,$A53,Entradas!$B:$B,"<="&$D$2)-SUMIFS(SAIDA!$C:$C,SAIDA!$A:$A,$A53,SAIDA!$B:$B,"<="&$D$2)) -> 1 | E53: =IF($A53="","",IFERROR(VLOOKUP($A53,Entradas!$A:$D,4,FALSE),"")) -> 0 | F53: ALLEN BRADLEY | I53: #N/A | K53: =SUMIF(Entradas!A:A,A53,Entradas!C:C) -> 1 | L53: =SUMIF(SAIDA!A:A,A53,SAIDA!C:C) -> 0
A54: 100SC60KG14C | B54: 100SC60KG14C | C54: F 31 | D54: =IF(ISBLANK($D$2),SUMIFS(Entradas!$C:$C,Entradas!$A:$A,$A54)-SUMIFS(SAIDA!$C:$C,SAIDA!$A:$A,$A54),SUMIFS(Entradas!$C:$C,Entradas!$A:$A,$A54,Entradas!$B:$B,"<="&$D$2)-SUMIFS(SAIDA!$C:$C,SAIDA!$A:$A,$A54,SAIDA!$B:$B,"<="&$D$2)) -> 1 | E54: =IF($A54="","",IFERROR(VLOOKUP($A54,Entradas!$A:$D,4,FALSE),"")) -> 0 | F54: ALLEN BRADLEY | I54: #N/A | K54: =SUMIF(Entradas!A:A,A54,Entradas!C:C) -> 1 | L54: =SUMIF(SAIDA!A:A,A54,SAIDA!C:C) -> 0
A55: 100SD110KF22C | B55: 100SD110KF22C | C55: F 36 | D55: =IF(ISBLANK($D$2),SUMIFS(Entradas!$C:$C,Entradas!$A:$A,$A55)-SUMIFS(SAIDA!$C:$C,SAIDA!$A:$A,$A55),SUMIFS(Entradas!$C:$C,Entradas!$A:$A,$A55,Entradas!$B:$B,"<="&$D$2)-SUMIFS(SAIDA!$C:$C,SAIDA!$A:$A,$A55,SAIDA!$B:$B,"<="&$D$2)) -> 4 | E55: =IF($A55="","",IFERROR(VLOOKUP($A55,Entradas!$A:$D,4,FALSE),"")) -> 0 | F55: ALLEN BRADLEY | H55: 1 PEÇA E SERIE A | I55: #N/A | K55: =SUMIF(Entradas!A:A,A55,Entradas!C:C) -> 4 | L55: =SUMIF(SAIDA!A:A,A55,SAIDA!C:C) -> 0
A56: 100SD300EZJ22C | B56: 100SD300EZJ22C | C56: F 36 | D56: =IF(ISBLANK($D$2),SUMIFS(Entradas!$C:$C,Entradas!$A:$A,$A56)-SUMIFS(SAIDA!$C:$C,SAIDA!$A:$A,$A56),SUMIFS(Entradas!$C:$C,Entradas!$A:$A,$A56,Entradas!$B:$B,"<="&$D$2)-SUMIFS(SAIDA!$C:$C,SAIDA!$A:$A,$A56,SAIDA!$B:$B,"<="&$D$2)) -> 3 | E56: =IF($A56="","",IFERROR(VLOOKUP($A56,Entradas!$A:$D,4,FALSE),"")) -> 0 | F56: ALLEN BRADLEY | I56: #N/A | K56: =SUMIF(Entradas!A:A,A56,Entradas!C:C) -> 3 | L56: =SUMIF(SAIDA!A:A,A56,SAIDA!C:C) -> 0
A57: 105PW23 | B57: 105PW23 | C57: F | D57: =IF(ISBLANK($D$2),SUMIFS(Entradas!$C:$C,Entradas!$A:$A,$A57)-SUMIFS(SAIDA!$C:$C,SAIDA!$A:$A,$A57),SUMIFS(Entradas!$C:$C,Entradas!$A:$A,$A57,Entradas!$B:$B,"<="&$D$2)-SUMIFS(SAIDA!$C:$C,SAIDA!$A:$A,$A57,SAIDA!$B:$B,"<="&$D$2)) -> 22 | E57: =IF($A57="","",IFERROR(VLOOKUP($A57,Entradas!$A:$D,4,FALSE),"")) -> 0 | F57: ALLEN BRADLEY | I57: #N/A | K57: =SUMIF(Entradas!A:A,A57,Entradas!C:C) -> 22 | L57: =SUMIF(SAIDA!A:A,A57,SAIDA!C:C) -> 0
A58: 1202C03 | B58: 1202C03 | C58: F 55 | D58: =IF(ISBLANK($D$2),SUMIFS(Entradas!$C:$C,Entradas!$A:$A,$A58)-SUMIFS(SAIDA!$C:$C,SAIDA!$A:$A,$A58),SUMIFS(Entradas!$C:$C,Entradas!$A:$A,$A58,Entradas!$B:$B,"<="&$D$2)-SUMIFS(SAIDA!$C:$C,SAIDA!$A:$A,$A58,SAIDA!$B:$B,"<="&$D$2)) -> 1 | E58: =IF($A58="","",IFERROR(VLOOKUP($A58,Entradas!$A:$D,4,FALSE),"")) -> 0 | F58: ALLEN BRADLEY | H58: F\CX | I58: #N/A | K58: =SUMIF(Entradas!A:A,A58,Entradas!C:C) -> 1 | L58: =SUMIF(SAIDA!A:A,A58,SAIDA!C:C) -> 0
A59: 1202C30A | B59: 1202C30A | C59: F | D59: =IF(ISBLANK($D$2),SUMIFS(Entradas!$C:$C,Entradas!$A:$A,$A59)-SUMIFS(SAIDA!$C:$C,SAIDA!$A:$A,$A59),SUMIFS(Entradas!$C:$C,Entradas!$A:$A,$A59,Entradas!$B:$B,"<="&$D$2)-SUMIFS(SAIDA!$C:$C,SAIDA!$A:$A,$A59,SAIDA!$B:$B,"<="&$D$2)) -> 1 | E59: =IF($A59="","",IFERROR(VLOOKUP($A59,Entradas!$A:$D,4,FALSE),"")) -> 0 | F59: ALLEN BRADLEY | I59: #N/A | K59: =SUMIF(Entradas!A:A,A59,Entradas!C:C) -> 1 | L59: =SUMIF(SAIDA!A:A,A59,SAIDA!C:C) -> 0
A60: 1202H30A | B60: 1202H30A | C60: F | D60: =IF(ISBLANK($D$2),SUMIFS(Entradas!$C:$C,Entradas!$A:$A,$A60)-SUMIFS(SAIDA!$C:$C,SAIDA!$A:$A,$A60),SUMIFS(Entradas!$C:$C,Entradas!$A:$A,$A60,Entradas!$B:$B,"<="&$D$2)-SUMIFS(SAIDA!$C:$C,SAIDA!$A:$A,$A60,SAIDA!$B:$B,"<="&$D$2)) -> 1 | E60: =IF($A60="","",IFERROR(VLOOKUP($A60,Entradas!$A:$D,4,FALSE),"")) -> 0 | F60: ALLEN BRADLEY | I60: #N/A | K60: =SUMIF(Entradas!A:A,A60,Entradas!C:C) -> 1 | L60: =SUMIF(SAIDA!A:A,A60,SAIDA!C:C) -> 0
A61: 1203USB | B61: 1203USB | C61: F | D61: =IF(ISBLANK($D$2),SUMIFS(Entradas!$C:$C,Entradas!$A:$A,$A61)-SUMIFS(SAIDA!$C:$C,SAIDA!$A:$A,$A61),SUMIFS(Entradas!$C:$C,Entradas!$A:$A,$A61,Entradas!$B:$B,"<="&$D$2)-SUMIFS(SAIDA!$C:$C,SAIDA!$A:$A,$A61,SAIDA!$B:$B,"<="&$D$2)) -> 0 | E61: =IF($A61="","",IFERROR(VLOOKUP($A61,Entradas!$A:$D,4,FALSE),"")) -> 0 | F61: ALLEN BRADLEY | I61: #N/A | K61: =SUMIF(Entradas!A:A,A61,Entradas!C:C) -> 0 | L61: =SUMIF(SAIDA!A:A,A61,SAIDA!C:C) -> 0
A62: 130B1096 | B62: 130B1096 | C62: N/A | D62: =IF(ISBLANK($D$2),SUMIFS(Entradas!$C:$C,Entradas!$A:$A,$A62)-SUMIFS(SAIDA!$C:$C,SAIDA!$A:$A,$A62),SUMIFS(Entradas!$C:$C,Entradas!$A:$A,$A62,Entradas!$B:$B,"<="&$D$2)-SUMIFS(SAIDA!$C:$C,SAIDA!$A:$A,$A62,SAIDA!$B:$B,"<="&$D$2)) -> 4 | E62: =IF($A62="","",IFERROR(VLOOKUP($A62,Entradas!$A:$D,4,FALSE),"")) -> 0 | F62: DANFOSS | I62: #N/A | K62: =SUMIF(Entradas!A:A,A62,Entradas!C:C) -> 4 | L62: =SUMIF(SAIDA!A:A,A62,SAIDA!C:C) -> 0
A63: 132B0100 | B63: 132B0100 | C63: N/A | D63: =IF(ISBLANK($D$2),SUMIFS(Entradas!$C:$C,Entradas!$A:$A,$A63)-SUMIFS(SAIDA!$C:$C,SAIDA!$A:$A,$A63),SUMIFS(Entradas!$C:$C,Entradas!$A:$A,$A63,Entradas!$B:$B,"<="&$D$2)-SUMIFS(SAIDA!$C:$C,SAIDA!$A:$A,$A63,SAIDA!$B:$B,"<="&$D$2)) -> 4 | E63: =IF($A63="","",IFERROR(VLOOKUP($A63,Entradas!$A:$D,4,FALSE),"")) -> 0 | F63: DANFOSS | I63: #N/A | K63: =SUMIF(Entradas!A:A,A63,Entradas!C:C) -> 4 | L63: =SUMIF(SAIDA!A:A,A63,SAIDA!C:C) -> 0
A64: 132F0002 | B64: 132F0002 | C64: N/A | D64: =IF(ISBLANK($D$2),SUMIFS(Entradas!$C:$C,Entradas!$A:$A,$A64)-SUMIFS(SAIDA!$C:$C,SAIDA!$A:$A,$A64),SUMIFS(Entradas!$C:$C,Entradas!$A:$A,$A64,Entradas!$B:$B,"<="&$D$2)-SUMIFS(SAIDA!$C:$C,SAIDA!$A:$A,$A64,SAIDA!$B:$B,"<="&$D$2)) -> 1 | E64: =IF($A64="","",IFERROR(VLOOKUP($A64,Entradas!$A:$D,4,FALSE),"")) -> 0 | F64: DANFOSS | I64: #N/A | K64: =SUMIF(Entradas!A:A,A64,Entradas!C:C) -> 1 | L64: =SUMIF(SAIDA!A:A,A64,SAIDA!C:C) -> 0
A65: 132F0003 | B65: 132F0003 | C65: N/A | D65: =IF(ISBLANK($D$2),SUMIFS(Entradas!$C:$C,Entradas!$A:$A,$A65)-SUMIFS(SAIDA!$C:$C,SAIDA!$A:$A,$A65),SUMIFS(Entradas!$C:$C,Entradas!$A:$A,$A65,Entradas!$B:$B,"<="&$D$2)-SUMIFS(SAIDA!$C:$C,SAIDA!$A:$A,$A65,SAIDA!$B:$B,"<="&$D$2)) -> 3 | E65: =IF($A65="","",IFERROR(VLOOKUP($A65,Entradas!$A:$D,4,FALSE),"")) -> 0 | F65: DANFOSS | I65: #N/A | K65: =SUMIF(Entradas!A:A,A65,Entradas!C:C) -> 3 | L65: =SUMIF(SAIDA!A:A,A65,SAIDA!C:C) -> 0
A66: 132F0007 | B66: 132F0007 | C66: C 04 | D66: =IF(ISBLANK($D$2),SUMIFS(Entradas!$C:$C,Entradas!$A:$A,$A66)-SUMIFS(SAIDA!$C:$C,SAIDA!$A:$A,$A66),SUMIFS(Entradas!$C:$C,Entradas!$A:$A,$A66,Entradas!$B:$B,"<="&$D$2)-SUMIFS(SAIDA!$C:$C,SAIDA!$A:$A,$A66,SAIDA!$B:$B,"<="&$D$2)) -> 0 | E66: =IF($A66="","",IFERROR(VLOOKUP($A66,Entradas!$A:$D,4,FALSE),"")) -> 0 | F66: DANFOSS | I66: #N/A | K66: =SUMIF(Entradas!A:A,A66,Entradas!C:C) -> 0 | L66: =SUMIF(SAIDA!A:A,A66,SAIDA!C:C) -> 0
A67: 1336BDBSP17D | B67: 1336BDBSP17D | C67: F | D67: =IF(ISBLANK($D$2),SUMIFS(Entradas!$C:$C,Entradas!$A:$A,$A67)-SUMIFS(SAIDA!$C:$C,SAIDA!$A:$A,$A67),SUMIFS(Entradas!$C:$C,Entradas!$A:$A,$A67,Entradas!$B:$B,"<="&$D$2)-SUMIFS(SAIDA!$C:$C,SAIDA!$A:$A,$A67,SAIDA!$B:$B,"<="&$D$2)) -> 1 | E67: =IF($A67="","",IFERROR(VLOOKUP($A67,Entradas!$A:$D,4,FALSE),"")) -> 0 | F67: ALLEN BRADLEY | I67: #N/A | K67: =SUMIF(Entradas!A:A,A67,Entradas!C:C) -> 1 | L67: =SUMIF(SAIDA!A:A,A67,SAIDA!C:C) -> 0
A68: 1336F1SP20B | B68: 1336F1SP20B | C68: F | D68: =IF(ISBLANK($D$2),SUMIFS(Entradas!$C:$C,Entradas!$A:$A,$A68)-SUMIFS(SAIDA!$C:$C,SAIDA!$A:$A,$A68),SUMIFS(Entradas!$C:$C,Entradas!$A:$A,$A68,Entradas!$B:$B,"<="&$D$2)-SUMIFS(SAIDA!$C:$C,SAIDA!$A:$A,$A68,SAIDA!$B:$B,"<="&$D$2)) -> 1 | E68: =IF($A68="","",IFERROR(VLOOKUP($A68,Entradas!$A:$D,4,FALSE),"")) -> 0 | F68: ALLEN BRADLEY | I68: #N/A | K68: =SUMIF(Entradas!A:A,A68,Entradas!C:C) -> 1 | L68: =SUMIF(SAIDA!A:A,A68,SAIDA!C:C) -> 0
A69: 1336F1SP8B | B69: 1336F1SP8B | C69: F | D69: =IF(ISBLANK($D$2),SUMIFS(Entradas!$C:$C,Entradas!$A:$A,$A69)-SUMIFS(SAIDA!$C:$C,SAIDA!$A:$A,$A69),SUMIFS(Entradas!$C:$C,Entradas!$A:$A,$A69,Entradas!$B:$B,"<="&$D$2)-SUMIFS(SAIDA!$C:$C,SAIDA!$A:$A,$A69,SAIDA!$B:$B,"<="&$D$2)) -> 3 | E69: =IF($A69="","",IFERROR(VLOOKUP($A69,Entradas!$A:$D,4,FALSE),"")) -> 0 | F69: ALLEN BRADLEY | I69: #N/A | K69: =SUMIF(Entradas!A:A,A69,Entradas!C:C) -> 3 | L69: =SUMIF(SAIDA!A:A,A69,SAIDA!C:C) -> 0
A70: 1336FLA2 | B70: 1336FLA2 | C70: F | D70: =IF(ISBLANK($D$2),SUMIFS(Entradas!$C:$C,Entradas!$A:$A,$A70)-SUMIFS(SAIDA!$C:$C,SAIDA!$A:$A,$A70),SUMIFS(Entradas!$C:$C,Entradas!$A:$A,$A70,Entradas!$B:$B,"<="&$D$2)-SUMIFS(SAIDA!$C:$C,SAIDA!$A:$A,$A70,SAIDA!$B:$B,"<="&$D$2)) -> 1 | E70: =IF($A70="","",IFERROR(VLOOKUP($A70,Entradas!$A:$D,4,FALSE),"")) -> 0 | F70: ALLEN BRADLEY | I70: #N/A | K70: =SUMIF(Entradas!A:A,A70,Entradas!C:C) -> 1 | L70: =SUMIF(SAIDA!A:A,A70,SAIDA!C:C) -> 0
A71: 1336PBSP23D | B71: 1336PBSP23D | C71: F | D71: =IF(ISBLANK($D$2),SUMIFS(Entradas!$C:$C,Entradas!$A:$A,$A71)-SUMIFS(SAIDA!$C:$C,SAIDA!$A:$A,$A71),SUMIFS(Entradas!$C:$C,Entradas!$A:$A,$A71,Entradas!$B:$B,"<="&$D$2)-SUMIFS(SAIDA!$C:$C,SAIDA!$A:$A,$A71,SAIDA!$B:$B,"<="&$D$2)) -> 3 | E71: =IF($A71="","",IFERROR(VLOOKUP($A71,Entradas!$A:$D,4,FALSE),"")) -> 0 | F71: ALLEN BRADLEY | I71: #N/A | K71: =SUMIF(Entradas!A:A,A71,Entradas!C:C) -> 3 | L71: =SUMIF(SAIDA!A:A,A71,SAIDA!C:C) -> 0
A72: 1403-BA | B72: 1403-BA | C72: F 06 | D72: =IF(ISBLANK($D$2),SUMIFS(Entradas!$C:$C,Entradas!$A:$A,$A72)-SUMIFS(SAIDA!$C:$C,SAIDA!$A:$A,$A72),SUMIFS(Entradas!$C:$C,Entradas!$A:$A,$A72,Entradas!$B:$B,"<="&$D$2)-SUMIFS(SAIDA!$C:$C,SAIDA!$A:$A,$A72,SAIDA!$B:$B,"<="&$D$2)) -> 1 | E72: =IF($A72="","",IFERROR(VLOOKUP($A72,Entradas!$A:$D,4,FALSE),"")) -> 0 | F72: ALLEN BRADLEY | H72: BATTERY | I72: #N/A | K72: =SUMIF(Entradas!A:A,A72,Entradas!C:C) -> 1 | L72: =SUMIF(SAIDA!A:A,A72,SAIDA!C:C) -> 0
A73: 1403CF003 | B73: 1403CF003 | C73: F | D73: =IF(ISBLANK($D$2),SUMIFS(Entradas!$C:$C,Entradas!$A:$A,$A73)-SUMIFS(SAIDA!$C:$C,SAIDA!$A:$A,$A73),SUMIFS(Entradas!$C:$C,Entradas!$A:$A,$A73,Entradas!$B:$B,"<="&$D$2)-SUMIFS(SAIDA!$C:$C,SAIDA!$A:$A,$A73,SAIDA!$B:$B,"<="&$D$2)) -> 2 | E73: =IF($A73="","",IFERROR(VLOOKUP($A73,Entradas!$A:$D,4,FALSE),"")) -> 0 | F73: ALLEN BRADLEY | I73: #N/A | K73: =SUMIF(Entradas!A:A,A73,Entradas!C:C) -> 2 | L73: =SUMIF(SAIDA!A:A,A73,SAIDA!C:C) -> 0
A74: 1403CF020 | B74: 1403CF020 | C74: F 39 | D74: =IF(ISBLANK($D$2),SUMIFS(Entradas!$C:$C,Entradas!$A:$A,$A74)-SUMIFS(SAIDA!$C:$C,SAIDA!$A:$A,$A74),SUMIFS(Entradas!$C:$C,Entradas!$A:$A,$A74,Entradas!$B:$B,"<="&$D$2)-SUMIFS(SAIDA!$C:$C,SAIDA!$A:$A,$A74,SAIDA!$B:$B,"<="&$D$2)) -> 3 | E74: =IF($A74="","",IFERROR(VLOOKUP($A74,Entradas!$A:$D,4,FALSE),"")) -> 0 | F74: ALLEN BRADLEY | I74: #N/A | K74: =SUMIF(Entradas!A:A,A74,Entradas!C:C) -> 3 | L74: =SUMIF(SAIDA!A:A,A74,SAIDA!C:C) -> 0
A75: 140GG6C3C50 | B75: 140GG6C3C50 | C75: F 33 | D75: =IF(ISBLANK($D$2),SUMIFS(Entradas!$C:$C,Entradas!$A:$A,$A75)-SUMIFS(SAIDA!$C:$C,SAIDA!$A:$A,$A75),SUMIFS(Entradas!$C:$C,Entradas!$A:$A,$A75,Entradas!$B:$B,"<="&$D$2)-SUMIFS(SAIDA!$C:$C,SAIDA!$A:$A,$A75,SAIDA!$B:$B,"<="&$D$2)) -> 2 | E75: =IF($A75="","",IFERROR(VLOOKUP($A75,Entradas!$A:$D,4,FALSE),"")) -> 0 | F75: ALLEN BRADLEY | I75: #N/A | K75: =SUMIF(Entradas!A:A,A75,Entradas!C:C) -> 2 | L75: =SUMIF(SAIDA!A:A,A75,SAIDA!C:C) -> 0
A76: 140GGRMX | B76: 140GGRMX | C76: F 33 | D76: =IF(ISBLANK($D$2),SUMIFS(Entradas!$C:$C,Entradas!$A:$A,$A76)-SUMIFS(SAIDA!$C:$C,SAIDA!$A:$A,$A76),SUMIFS(Entradas!$C:$C,Entradas!$A:$A,$A76,Entradas!$B:$B,"<="&$D$2)-SUMIFS(SAIDA!$C:$C,SAIDA!$A:$A,$A76,SAIDA!$B:$B,"<="&$D$2)) -> 6 | E76: =IF($A76="","",IFERROR(VLOOKUP($A76,Entradas!$A:$D,4,FALSE),"")) -> 0 | F76: ALLEN BRADLEY | I76: #N/A | K76: =SUMIF(Entradas!A:A,A76,Entradas!C:C) -> 6 | L76: =SUMIF(SAIDA!A:A,A76,SAIDA!C:C) -> 0
A77: 140GGTC3H | B77: 140GGTC3H | C77: F 33 | D77: =IF(ISBLANK($D$2),SUMIFS(Entradas!$C:$C,Entradas!$A:$A,$A77)-SUMIFS(SAIDA!$C:$C,SAIDA!$A:$A,$A77),SUMIFS(Entradas!$C:$C,Entradas!$A:$A,$A77,Entradas!$B:$B,"<="&$D$2)-SUMIFS(SAIDA!$C:$C,SAIDA!$A:$A,$A77,SAIDA!$B:$B,"<="&$D$2)) -> 1 | E77: =IF($A77="","",IFERROR(VLOOKUP($A77,Entradas!$A:$D,4,FALSE),"")) -> 0 | F77: ALLEN BRADLEY | I77: #N/A | K77: =SUMIF(Entradas!A:A,A77,Entradas!C:C) -> 1 | L77: =SUMIF(SAIDA!A:A,A77,SAIDA!C:C) -> 0
A78: 140GHEA3R1A | B78: 140GHEA3R1A | C78: F 26 | D78: =IF(ISBLANK($D$2),SUMIFS(Entradas!$C:$C,Entradas!$A:$A,$A78)-SUMIFS(SAIDA!$C:$C,SAIDA!$A:$A,$A78),SUMIFS(Entradas!$C:$C,Entradas!$A:$A,$A78,Entradas!$B:$B,"<="&$D$2)-SUMIFS(SAIDA!$C:$C,SAIDA!$A:$A,$A78,SAIDA!$B:$B,"<="&$D$2)) -> 3 | E78: =IF($A78="","",IFERROR(VLOOKUP($A78,Entradas!$A:$D,4,FALSE),"")) -> 0 | F78: ALLEN BRADLEY | I78: #N/A | K78: =SUMIF(Entradas!A:A,A78,Entradas!C:C) -> 3 | L78: =SUMIF(SAIDA!A:A,A78,SAIDA!C:C) -> 0
A79: 140GNRPE10 | B79: 140GNRPE10 | C79: F 26 | D79: =IF(ISBLANK($D$2),SUMIFS(Entradas!$C:$C,Entradas!$A:$A,$A79)-SUMIFS(SAIDA!$C:$C,SAIDA!$A:$A,$A79),SUMIFS(Entradas!$C:$C,Entradas!$A:$A,$A79,Entradas!$B:$B,"<="&$D$2)-SUMIFS(SAIDA!$C:$C,SAIDA!$A:$A,$A79,SAIDA!$B:$B,"<="&$D$2)) -> 1 | E79: =IF($A79="","",IFERROR(VLOOKUP($A79,Entradas!$A:$D,4,FALSE),"")) -> 0 | F79: ALLEN BRADLEY | I79: #N/A | K79: =SUMIF(Entradas!A:A,A79,Entradas!C:C) -> 1 | L79: =SUMIF(SAIDA!A:A,A79,SAIDA!C:C) -> 0
A80: 140MC2EB16 | B80: 140MC2EB16 | C80: F | D80: =IF(ISBLANK($D$2),SUMIFS(Entradas!$C:$C,Entradas!$A:$A,$A80)-SUMIFS(SAIDA!$C:$C,SAIDA!$A:$A,$A80),SUMIFS(Entradas!$C:$C,Entradas!$A:$A,$A80,Entradas!$B:$B,"<="&$D$2)-SUMIFS(SAIDA!$C:$C,SAIDA!$A:$A,$A80,SAIDA!$B:$B,"<="&$D$2)) -> 0 | E80: =IF($A80="","",IFERROR(VLOOKUP($A80,Entradas!$A:$D,4,FALSE),"")) -> 0 | F80: ALLEN BRADLEY | I80: #N/A | K80: =SUMIF(Entradas!A:A,A80,Entradas!C:C) -> 0 | L80: =SUMIF(SAIDA!A:A,A80,SAIDA!C:C) -> 0
A81: 140MC2EB63KY | B81: 140MC2EB63KY | C81: F | D81: =IF(ISBLANK($D$2),SUMIFS(Entradas!$C:$C,Entradas!$A:$A,$A81)-SUMIFS(SAIDA!$C:$C,SAIDA!$A:$A,$A81),SUMIFS(Entradas!$C:$C,Entradas!$A:$A,$A81,Entradas!$B:$B,"<="&$D$2)-SUMIFS(SAIDA!$C:$C,SAIDA!$A:$A,$A81,SAIDA!$B:$B,"<="&$D$2)) -> 1 | E81: =IF($A81="","",IFERROR(VLOOKUP($A81,Entradas!$A:$D,4,FALSE),"")) -> 0 | F81: ALLEN BRADLEY | I81: #N/A | K81: =SUMIF(Entradas!A:A,A81,Entradas!C:C) -> 1 | L81: =SUMIF(SAIDA!A:A,A81,SAIDA!C:C) -> 0
A82: 140MC2EC10 | B82: 140MC2EC10 | C82: F | D82: =IF(ISBLANK($D$2),SUMIFS(Entradas!$C:$C,Entradas!$A:$A,$A82)-SUMIFS(SAIDA!$C:$C,SAIDA!$A:$A,$A82),SUMIFS(Entradas!$C:$C,Entradas!$A:$A,$A82,Entradas!$B:$B,"<="&$D$2)-SUMIFS(SAIDA!$C:$C,SAIDA!$A:$A,$A82,SAIDA!$B:$B,"<="&$D$2)) -> 0 | E82: =IF($A82="","",IFERROR(VLOOKUP($A82,Entradas!$A:$D,4,FALSE),"")) -> 0 | F82: ALLEN BRADLEY | I82: #N/A | K82: =SUMIF(Entradas!A:A,A82,Entradas!C:C) -> 0 | L82: =SUMIF(SAIDA!A:A,A82,SAIDA!C:C) -> 0
A83: 140MC2EC20 | B83: 140MC2EC20 | C83: F | D83: =IF(ISBLANK($D$2),SUMIFS(Entradas!$C:$C,Entradas!$A:$A,$A83)-SUMIFS(SAIDA!$C:$C,SAIDA!$A:$A,$A83),SUMIFS(Entradas!$C:$C,Entradas!$A:$A,$A83,Entradas!$B:$B,"<="&$D$2)-SUMIFS(SAIDA!$C:$C,SAIDA!$A:$A,$A83,SAIDA!$B:$B,"<="&$D$2)) -> 0 | E83: =IF($A83="","",IFERROR(VLOOKUP($A83,Entradas!$A:$D,4,FALSE),"")) -> 0 | F83: ALLEN BRADLEY | I83: #N/A | K83: =SUMIF(Entradas!A:A,A83,Entradas!C:C) -> 0 | L83: =SUMIF(SAIDA!A:A,A83,SAIDA!C:C) -> 0
A84: 140MCAFA01 | B84: 140MCAFA01 | C84: F 26 | D84: =IF(ISBLANK($D$2),SUMIFS(Entradas!$C:$C,Entradas!$A:$A,$A84)-SUMIFS(SAIDA!$C:$C,SAIDA!$A:$A,$A84),SUMIFS(Entradas!$C:$C,Entradas!$A:$A,$A84,Entradas!$B:$B,"<="&$D$2)-SUMIFS(SAIDA!$C:$C,SAIDA!$A:$A,$A84,SAIDA!$B:$B,"<="&$D$2)) -> 4 | E84: =IF($A84="","",IFERROR(VLOOKUP($A84,Entradas!$A:$D,4,FALSE),"")) -> 0 | F84: ALLEN BRADLEY | I84: #N/A | K84: =SUMIF(Entradas!A:A,A84,Entradas!C:C) -> 4 | L84: =SUMIF(SAIDA!A:A,A84,SAIDA!C:C) -> 0
... A136: 1485PP1N5MN5R1 | B136: 1485PP1N5MN5R1 | C136: F | D136: =IF(ISBLANK($D$2),SUMIFS(Entradas!$C:$C,Entradas!$A:$A,$A136)-SUMIFS(SAIDA!$C:$C,SAIDA!$A:$A,$A136),SUMIFS(Entradas!$C:$C,Entradas!$A:$A,$A136,Entradas!$B:$B,"<="&$D$2)-SUMIFS(SAIDA!$C:$C,SAIDA!$A:$A,$A136,SAIDA!$B:$B,"<="&$D$2)) -> 0 | E136: =IF($A136="","",IFERROR(VLOOKUP($A136,Entradas!$A:$D,4,FALSE),"")) -> 0 | F136: ALLEN BRADLEY | I136: #N/A | K136: =SUMIF(Entradas!A:A,A136,Entradas!C:C) -> 0 | L136: =SUMIF(SAIDA!A:A,A136,SAIDA!C:C) -> 0
A137: 1485PP2T5T5 | B137: 1485PP2T5T5 | C137: F | D137: =IF(ISBLANK($D$2),SUMIFS(Entradas!$C:$C,Entradas!$A:$A,$A137)-SUMIFS(SAIDA!$C:$C,SAIDA!$A:$A,$A137),SUMIFS(Entradas!$C:$C,Entradas!$A:$A,$A137,Entradas!$B:$B,"<="&$D$2)-SUMIFS(SAIDA!$C:$C,SAIDA!$A:$A,$A137,SAIDA!$B:$B,"<="&$D$2)) -> 0 | E137: =IF($A137="","",IFERROR(VLOOKUP($A137,Entradas!$A:$D,4,FALSE),"")) -> 0 | F137: ALLEN BRADLEY | H137: 01 PÇ NO OBSOLETO | I137: #N/A | K137: =SUMIF(Entradas!A:A,A137,Entradas!C:C) -> 0 | L137: =SUMIF(SAIDA!A:A,A137,SAIDA!C:C) -> 0
A138: 1485RP2M5C | B138: 1485RP2M5C | C138: F | D138: =IF(ISBLANK($D$2),SUMIFS(Entradas!$C:$C,Entradas!$A:$A,$A138)-SUMIFS(SAIDA!$C:$C,SAIDA!$A:$A,$A138),SUMIFS(Entradas!$C:$C,Entradas!$A:$A,$A138,Entradas!$B:$B,"<="&$D$2)-SUMIFS(SAIDA!$C:$C,SAIDA!$A:$A,$A138,SAIDA!$B:$B,"<="&$D$2)) -> 0 | E138: =IF($A138="","",IFERROR(VLOOKUP($A138,Entradas!$A:$D,4,FALSE),"")) -> 0 | F138: ALLEN BRADLEY | I138: #N/A | K138: =SUMIF(Entradas!A:A,A138,Entradas!C:C) -> 0 | L138: =SUMIF(SAIDA!A:A,A138,SAIDA!C:C) -> 0
A139: 1485RP3V5C | B139: 1485RP3V5C | C139: F | D139: =IF(ISBLANK($D$2),SUMIFS(Entradas!$C:$C,Entradas!$A:$A,$A139)-SUMIFS(SAIDA!$C:$C,SAIDA!$A:$A,$A139),SUMIFS(Entradas!$C:$C,Entradas!$A:$A,$A139,Entradas!$B:$B,"<="&$D$2)-SUMIFS(SAIDA!$C:$C,SAIDA!$A:$A,$A139,SAIDA!$B:$B,"<="&$D$2)) -> 6 | E139: =IF($A139="","",IFERROR(VLOOKUP($A139,Entradas!$A:$D,4,FALSE),"")) -> 0 | F139: ALLEN BRADLEY | I139: #N/A | K139: =SUMIF(Entradas!A:A,A139,Entradas!C:C) -> 6 | L139: =SUMIF(SAIDA!A:A,A139,SAIDA!C:C) -> 0
A140: 1485RP5M5R5 | B140: 1485RP5M5R5 | C140: F | D140: =IF(ISBLANK($D$2),SUMIFS(Entradas!$C:$C,Entradas!$A:$A,$A140)-SUMIFS(SAIDA!$C:$C,SAIDA!$A:$A,$A140),SUMIFS(Entradas!$C:$C,Entradas!$A:$A,$A140,Entradas!$B:$B,"<="&$D$2)-SUMIFS(SAIDA!$C:$C,SAIDA!$A:$A,$A140,SAIDA!$B:$B,"<="&$D$2)) -> 4 | E140: =IF($A140="","",IFERROR(VLOOKUP($A140,Entradas!$A:$D,4,FALSE),"")) -> 0 | F140: ALLEN BRADLEY | I140: #N/A | K140: =SUMIF(Entradas!A:A,A140,Entradas!C:C) -> 4 | L140: =SUMIF(SAIDA!A:A,A140,SAIDA!C:C) -> 0
A141: 1485RP6M5C | B141: 1485RP6M5C | C141: F | D141: =IF(ISBLANK($D$2),SUMIFS(Entradas!$C:$C,Entradas!$A:$A,$A141)-SUMIFS(SAIDA!$C:$C,SAIDA!$A:$A,$A141),SUMIFS(Entradas!$C:$C,Entradas!$A:$A,$A141,Entradas!$B:$B,"<="&$D$2)-SUMIFS(SAIDA!$C:$C,SAIDA!$A:$A,$A141,SAIDA!$B:$B,"<="&$D$2)) -> 3 | E141: =IF($A141="","",IFERROR(VLOOKUP($A141,Entradas!$A:$D,4,FALSE),"")) -> 0 | F141: ALLEN BRADLEY | I141: #N/A | K141: =SUMIF(Entradas!A:A,A141,Entradas!C:C) -> 3 | L141: =SUMIF(SAIDA!A:A,A141,SAIDA!C:C) -> 0
A142: 1485RSP2M5C | B142: 1485RSP2M5C | C142: F | D142: =IF(ISBLANK($D$2),SUMIFS(Entradas!$C:$C,Entradas!$A:$A,$A142)-SUMIFS(SAIDA!$C:$C,SAIDA!$A:$A,$A142),SUMIFS(Entradas!$C:$C,Entradas!$A:$A,$A142,Entradas!$B:$B,"<="&$D$2)-SUMIFS(SAIDA!$C:$C,SAIDA!$A:$A,$A142,SAIDA!$B:$B,"<="&$D$2)) -> 3 | E142: =IF($A142="","",IFERROR(VLOOKUP($A142,Entradas!$A:$D,4,FALSE),"")) -> 0 | F142: ALLEN BRADLEY | I142: #N/A | K142: =SUMIF(Entradas!A:A,A142,Entradas!C:C) -> 3 | L142: =SUMIF(SAIDA!A:A,A142,SAIDA!C:C) -> 0
A143: 1489A3D060 | B143: 1489A3D060 | C143: F 40 | D143: =IF(ISBLANK($D$2),SUMIFS(Entradas!$C:$C,Entradas!$A:$A,$A143)-SUMIFS(SAIDA!$C:$C,SAIDA!$A:$A,$A143),SUMIFS(Entradas!$C:$C,Entradas!$A:$A,$A143,Entradas!$B:$B,"<="&$D$2)-SUMIFS(SAIDA!$C:$C,SAIDA!$A:$A,$A143,SAIDA!$B:$B,"<="&$D$2)) -> 1 | E143: =IF($A143="","",IFERROR(VLOOKUP($A143,Entradas!$A:$D,4,FALSE),"")) -> 0 | F143: ALLEN BRADLEY | I143: #N/A | K143: =SUMIF(Entradas!A:A,A143,Entradas!C:C) -> 1 | L143: =SUMIF(SAIDA!A:A,A143,SAIDA!C:C) -> 0
A144: 1489M1C030 | B144: 1489M1C030 | C144: F 40 | D144: =IF(ISBLANK($D$2),SUMIFS(Entradas!$C:$C,Entradas!$A:$A,$A144)-SUMIFS(SAIDA!$C:$C,SAIDA!$A:$A,$A144),SUMIFS(Entradas!$C:$C,Entradas!$A:$A,$A144,Entradas!$B:$B,"<="&$D$2)-SUMIFS(SAIDA!$C:$C,SAIDA!$A:$A,$A144,SAIDA!$B:$B,"<="&$D$2)) -> 2 | E144: =IF($A144="","",IFERROR(VLOOKUP($A144,Entradas!$A:$D,4,FALSE),"")) -> 0 | F144: ALLEN BRADLEY | I144: #N/A | K144: =SUMIF(Entradas!A:A,A144,Entradas!C:C) -> 2 | L144: =SUMIF(SAIDA!A:A,A144,SAIDA!C:C) -> 0
A145: 1489M1C050 | B145: 1489M1C050 | C145: F 40 | D145: =IF(ISBLANK($D$2),SUMIFS(Entradas!$C:$C,Entradas!$A:$A,$A145)-SUMIFS(SAIDA!$C:$C,SAIDA!$A:$A,$A145),SUMIFS(Entradas!$C:$C,Entradas!$A:$A,$A145,Entradas!$B:$B,"<="&$D$2)-SUMIFS(SAIDA!$C:$C,SAIDA!$A:$A,$A145,SAIDA!$B:$B,"<="&$D$2)) -> 2 | E145: =IF($A145="","",IFERROR(VLOOKUP($A145,Entradas!$A:$D,4,FALSE),"")) -> 0 | F145: ALLEN BRADLEY | I145: #N/A | K145: =SUMIF(Entradas!A:A,A145,Entradas!C:C) -> 2 | L145: =SUMIF(SAIDA!A:A,A145,SAIDA!C:C) -> 0
A146: 1489M1C200 | B146: 1489M1C200 | C146: F 40 | D146: =IF(ISBLANK($D$2),SUMIFS(Entradas!$C:$C,Entradas!$A:$A,$A146)-SUMIFS(SAIDA!$C:$C,SAIDA!$A:$A,$A146),SUMIFS(Entradas!$C:$C,Entradas!$A:$A,$A146,Entradas!$B:$B,"<="&$D$2)-SUMIFS(SAIDA!$C:$C,SAIDA!$A:$A,$A146,SAIDA!$B:$B,"<="&$D$2)) -> 2 | E146: =IF($A146="","",IFERROR(VLOOKUP($A146,Entradas!$A:$D,4,FALSE),"")) -> 0 | F146: ALLEN BRADLEY | I146: #N/A | K146: =SUMIF(Entradas!A:A,A146,Entradas!C:C) -> 2 | L146: =SUMIF(SAIDA!A:A,A146,SAIDA!C:C) -> 0
A147: 1489M1D130 | B147: 1489M1D130 | C147: F 40 | D147: =IF(ISBLANK($D$2),SUMIFS(Entradas!$C:$C,Entradas!$A:$A,$A147)-SUMIFS(SAIDA!$C:$C,SAIDA!$A:$A,$A147),SUMIFS(Entradas!$C:$C,Entradas!$A:$A,$A147,Entradas!$B:$B,"<="&$D$2)-SUMIFS(SAIDA!$C:$C,SAIDA!$A:$A,$A147,SAIDA!$B:$B,"<="&$D$2)) -> 2 | E147: =IF($A147="","",IFERROR(VLOOKUP($A147,Entradas!$A:$D,4,FALSE),"")) -> 0 | F147: ALLEN BRADLEY | I147: #N/A | K147: =SUMIF(Entradas!A:A,A147,Entradas!C:C) -> 2 | L147: =SUMIF(SAIDA!A:A,A147,SAIDA!C:C) -> 0
A148: 1492AIFM6S3 | B148: 1492AIFM6S3 | C148: F 39 | D148: =IF(ISBLANK($D$2),SUMIFS(Entradas!$C:$C,Entradas!$A:$A,$A148)-SUMIFS(SAIDA!$C:$C,SAIDA!$A:$A,$A148),SUMIFS(Entradas!$C:$C,Entradas!$A:$A,$A148,Entradas!$B:$B,"<="&$D$2)-SUMIFS(SAIDA!$C:$C,SAIDA!$A:$A,$A148,SAIDA!$B:$B,"<="&$D$2)) -> 3 | E148: =IF($A148="","",IFERROR(VLOOKUP($A148,Entradas!$A:$D,4,FALSE),"")) -> 0 | F148: ALLEN BRADLEY | I148: #N/A | K148: =SUMIF(Entradas!A:A,A148,Entradas!C:C) -> 3 | L148: =SUMIF(SAIDA!A:A,A148,SAIDA!C:C) -> 0
A149: 1492ASPCL306 | B149: 1492ASPCL306 | C149: F 20 | D149: =IF(ISBLANK($D$2),SUMIFS(Entradas!$C:$C,Entradas!$A:$A,$A149)-SUMIFS(SAIDA!$C:$C,SAIDA!$A:$A,$A149),SUMIFS(Entradas!$C:$C,Entradas!$A:$A,$A149,Entradas!$B:$B,"<="&$D$2)-SUMIFS(SAIDA!$C:$C,SAIDA!$A:$A,$A149,SAIDA!$B:$B,"<="&$D$2)) -> 6 | E149: =IF($A149="","",IFERROR(VLOOKUP($A149,Entradas!$A:$D,4,FALSE),"")) -> 0 | F149: ALLEN BRADLEY | I149: #N/A | K149: =SUMIF(Entradas!A:A,A149,Entradas!C:C) -> 6 | L149: =SUMIF(SAIDA!A:A,A149,SAIDA!C:C) -> 0
... A151: 1492ASPLOA | B151: 1492ASPLOA | C151: F 39 | D151: =IF(ISBLANK($D$2),SUMIFS(Entradas!$C:$C,Entradas!$A:$A,$A151)-SUMIFS(SAIDA!$C:$C,SAIDA!$A:$A,$A151),SUMIFS(Entradas!$C:$C,Entradas!$A:$A,$A151,Entradas!$B:$B,"<="&$D$2)-SUMIFS(SAIDA!$C:$C,SAIDA!$A:$A,$A151,SAIDA!$B:$B,"<="&$D$2)) -> 115 | E151: =IF($A151="","",IFERROR(VLOOKUP($A151,Entradas!$A:$D,4,FALSE),"")) -> 0 | F151: ALLEN BRADLEY | I151: #N/A | K151: =SUMIF(Entradas!A:A,A151,Entradas!C:C) -> 115 | L151: =SUMIF(SAIDA!A:A,A151,SAIDA!C:C) -> 0
A152: 1492CABLE010X | B152: 1492CABLE010X | C152: F 54 | D152: =IF(ISBLANK($D$2),SUMIFS(Entradas!$C:$C,Entradas!$A:$A,$A152)-SUMIFS(SAIDA!$C:$C,SAIDA!$A:$A,$A152),SUMIFS(Entradas!$C:$C,Entradas!$A:$A,$A152,Entradas!$B:$B,"<="&$D$2)-SUMIFS(SAIDA!$C:$C,SAIDA!$A:$A,$A152,SAIDA!$B:$B,"<="&$D$2)) -> 1 | E152: =IF($A152="","",IFERROR(VLOOKUP($A152,Entradas!$A:$D,4,FALSE),"")) -> 0 | F152: ALLEN BRADLEY | H152: F\CX | I152: #N/A | K152: =SUMIF(Entradas!A:A,A152,Entradas!C:C) -> 1 | L152: =SUMIF(SAIDA!A:A,A152,SAIDA!C:C) -> 0
...

Sheet SAIDA
A1: SAIDA DE MATERIAL
A2: CODIGO DO PRODUTO | B2: DATA | C2: QDE.SAIDA | D2: Coluna4 | E2: TOTAL | F2: Coluna6 | G2: Produto | H2: Unidade | I2: DESTINO | J2: ABC | K2: Coluna1
A3: MS132-4.0 | B3: 45110 | C3: 1 | E3: =IF(ISERROR(VLOOKUP(A3,'Controle de Estoque'!A:H,1,FALSE)),"",VLOOKUP(A3,'Controle de Estoque'!A:H,4,FALSE)) -> 5 | J3: =IF(M3<=0.8,"A",IF(M3<=0.95,"B","C")) -> A | K3: =SUMIF($A:$A,A3,$C:$C) -> 7 | L3: =K3/SUM($K$3:$K$847) -> 0.00022906509 | M3: =SUM($L$3:L3) -> 0.00022906509
A4: MS132-6.3 | B4: 45111 | C4: 1 | E4: =IF(ISERROR(VLOOKUP(A4,'Controle de Estoque'!A:H,1,FALSE)),"",VLOOKUP(A4,'Controle de Estoque'!A:H,4,FALSE)) -> 0 | J4: =IF(M4<=0.8,"A",IF(M4<=0.95,"B","C")) -> A | K4: =SUMIF($A:$A,A4,$C:$C) -> 18 | L4: =K4/SUM($K$3:$K$847) -> 0.00058902451 | M4: =SUM($L$3:L4) -> 0.0008180896
A5: ACS-CP-C | B5: 45503 | C5: 27 | E5: =IF(ISERROR(VLOOKUP(A5,'Controle de Estoque'!A:H,1,FALSE)),"",VLOOKUP(A5,'Controle de Estoque'!A:H,4,FALSE)) -> 9 | G5: =IF(ISBLANK(A5),"",IF(ISERROR(VLOOKUP(A5,'Controle de Estoque'!A:I,1,FALSE)),"Produto não cadastrado",VLOOKUP(A5,'Controle de Estoque'!A:I,2,FALSE))) -> ACS-CP-C | H5: =IF(ISERROR(VLOOKUP(A5,'Controle de Estoque'!A:I,1,FALSE)),"",VLOOKUP(A5,'Controle de Estoque'!A:I,3,FALSE)) -> C 02 | J5: =IF(M5<=0.8,"A",IF(M5<=0.95,"B","C")) -> A | K5: =SUMIF($A:$A,A5,$C:$C) -> 73 | L5: =K5/SUM($K$3:$K$847) -> 0.0023888216 | M5: =SUM($L$3:L5) -> 0.0032069112
A6: CP-E24/2.5 | B6: 45602 | C6: 2 | E6: =IF(ISERROR(VLOOKUP(A6,'Controle de Estoque'!A:H,1,FALSE)),"",VLOOKUP(A6,'Controle de Estoque'!A:H,4,FALSE)) -> 1 | G6: =IF(ISBLANK(A6),"",IF(ISERROR(VLOOKUP(A6,'Controle de Estoque'!A:I,1,FALSE)),"Produto não cadastrado",VLOOKUP(A6,'Controle de Estoque'!A:I,2,FALSE))) -> 1SVR427032R0000 | I6: I1079B1068I10I1066:I1096 | J6: =IF(M6<=0.8,"A",IF(M6<=0.95,"B","C")) -> A | K6: =SUMIF($A:$A,A6,$C:$C) -> 15 | L6: =K6/SUM($K$3:$K$847) -> 0.00049085376 | M6: =SUM($L$3:L6) -> 0.003697765
A7: N1673.9PT | B7: 45632 | C7: 36 | E7: =IF(ISERROR(VLOOKUP(A7,'Controle de Estoque'!A:H,1,FALSE)),"",VLOOKUP(A7,'Controle de Estoque'!A:H,4,FALSE)) -> 29 | G7: =IF(ISBLANK(A7),"",IF(ISERROR(VLOOKUP(A7,'Controle de Estoque'!A:I,1,FALSE)),"Produto não cadastrado",VLOOKUP(A7,'Controle de Estoque'!A:I,2,FALSE))) -> 2CLA167390N1804S | H7: =IF(ISERROR(VLOOKUP(A7,'Controle de Estoque'!A:I,1,FALSE)),"",VLOOKUP(A7,'Controle de Estoque'!A:I,3,FALSE)) -> I 10 | J7: =IF(M7<=0.8,"A",IF(M7<=0.95,"B","C")) -> A | K7: =SUMIF($A:$A,A7,$C:$C) -> 75 | L7: =K7/SUM($K$3:$K$847) -> 0.0024542688 | M7: =SUM($L$3:L7) -> 0.0061520338
A8: N1673.9BL | B8: 45632 | C8: 6 | E8: =IF(ISERROR(VLOOKUP(A8,'Controle de Estoque'!A:H,1,FALSE)),"",VLOOKUP(A8,'Controle de Estoque'!A:H,4,FALSE)) -> 0 | G8: =IF(ISBLANK(A8),"",IF(ISERROR(VLOOKUP(A8,'Controle de Estoque'!A:I,1,FALSE)),"Produto não cadastrado",VLOOKUP(A8,'Controle de Estoque'!A:I,2,FALSE))) -> 2CLA167390N1104S | H8: =IF(ISERROR(VLOOKUP(A8,'Controle de Estoque'!A:I,1,FALSE)),"",VLOOKUP(A8,'Controle de Estoque'!A:I,3,FALSE)) -> I 05 | I8: GUSTAVO JORGE | J8: =IF(M8<=0.8,"A",IF(M8<=0.95,"B","C")) -> A | K8: =SUMIF($A:$A,A8,$C:$C) -> 57 | L8: =K8/SUM($K$3:$K$847) -> 0.0018652443 | M8: =SUM($L$3:L8) -> 0.0080172781
A9: N1672.4PT | B9: 45632 | C9: 17 | E9: =IF(ISERROR(VLOOKUP(A9,'Controle de Estoque'!A:H,1,FALSE)),"",VLOOKUP(A9,'Controle de Estoque'!A:H,4,FALSE)) -> 71 | G9: =IF(ISBLANK(A9),"",IF(ISERROR(VLOOKUP(A9,'Controle de Estoque'!A:I,1,FALSE)),"Produto não cadastrado",VLOOKUP(A9,'Controle de Estoque'!A:I,2,FALSE))) -> 2CLA167240N1604S | H9: =IF(ISERROR(VLOOKUP(A9,'Controle de Estoque'!A:I,1,FALSE)),"",VLOOKUP(A9,'Controle de Estoque'!A:I,3,FALSE)) -> I 10 | I9: GUSTAVO JORGE | J9: =IF(M9<=0.8,"A",IF(M9<=0.95,"B","C")) -> A | K9: =SUMIF($A:$A,A9,$C:$C) -> 18 | L9: =K9/SUM($K$3:$K$847) -> 0.00058902451 | M9: =SUM($L$3:L9) -> 0.0086063026
A10: N1672.4BL | B10: 45632 | C10: 1 | E10: =IF(ISERROR(VLOOKUP(A10,'Controle de Estoque'!A:H,1,FALSE)),"",VLOOKUP(A10,'Controle de Estoque'!A:H,4,FALSE)) -> 14 | G10: =IF(ISBLANK(A10),"",IF(ISERROR(VLOOKUP(A10,'Controle de Estoque'!A:I,1,FALSE)),"Produto não cadastrado",VLOOKUP(A10,'Controle de Estoque'!A:I,2,FALSE))) -> 2CLA167240N1104S | H10: =IF(ISERROR(VLOOKUP(A10,'Controle de Estoque'!A:I,1,FALSE)),"",VLOOKUP(A10,'Controle de Estoque'!A:I,3,FALSE)) -> I 05 | I10: GUSTAVO JORGE | J10: =IF(M10<=0.8,"A",IF(M10<=0.95,"B","C")) -> A | K10: =SUMIF($A:$A,A10,$C:$C) -> 16 | L10: =K10/SUM($K$3:$K$847) -> 0.00052357734 | M10: =SUM($L$3:L10) -> 0.0091298799
A11: N1671.1PT | B11: 45632 | C11: 3 | E11: =IF(ISERROR(VLOOKUP(A11,'Controle de Estoque'!A:H,1,FALSE)),"",VLOOKUP(A11,'Controle de Estoque'!A:H,4,FALSE)) -> 36 | G11: =IF(ISBLANK(A11),"",IF(ISERROR(VLOOKUP(A11,'Controle de Estoque'!A:I,1,FALSE)),"Produto não cadastrado",VLOOKUP(A11,'Controle de Estoque'!A:I,2,FALSE))) -> 2CLA167110N1604S | H11: =IF(ISERROR(VLOOKUP(A11,'Controle de Estoque'!A:I,1,FALSE)),"",VLOOKUP(A11,'Controle de Estoque'!A:I,3,FALSE)) -> I 10 | I11: GUSTAVO JORGE | J11: =IF(M11<=0.8,"A",IF(M11<=0.95,"B","C")) -> A | K11: =SUMIF($A:$A,A11,$C:$C) -> 19 | L11: =K11/SUM($K$3:$K$847) -> 0.00062174809 | M11: =SUM($L$3:L11) -> 0.009751628
A12: N1671.1BL | B12: 45632 | C12: 1 | E12: =IF(ISERROR(VLOOKUP(A12,'Controle de Estoque'!A:H,1,FALSE)),"",VLOOKUP(A12,'Controle de Estoque'!A:H,4,FALSE)) -> 4 | G12: =IF(ISBLANK(A12),"",IF(ISERROR(VLOOKUP(A12,'Controle de Estoque'!A:I,1,FALSE)),"Produto não cadastrado",VLOOKUP(A12,'Controle de Estoque'!A:I,2,FALSE))) -> 2CLA167110N1104S | H12: =IF(ISERROR(VLOOKUP(A12,'Controle de Estoque'!A:I,1,FALSE)),"",VLOOKUP(A12,'Controle de Estoque'!A:I,3,FALSE)) -> I 05 | I12: GUSTAVO JORGE | J12: =IF(M12<=0.8,"A",IF(M12<=0.95,"B","C")) -> A | K12: =SUMIF($A:$A,A12,$C:$C) -> 20 | L12: =K12/SUM($K$3:$K$847) -> 0.00065447168 | M12: =SUM($L$3:L12) -> 0.0104061
A13: N1373.9PT | B13: 45632 | C13: 6 | E13: =IF(ISERROR(VLOOKUP(A13,'Controle de Estoque'!A:H,1,FALSE)),"",VLOOKUP(A13,'Controle de Estoque'!A:H,4,FALSE)) -> 131 | G13: =IF(ISBLANK(A13),"",IF(ISERROR(VLOOKUP(A13,'Controle de Estoque'!A:I,1,FALSE)),"Produto não cadastrado",VLOOKUP(A13,'Controle de Estoque'!A:I,2,FALSE))) -> 2CLA137390N1804S | H13: =IF(ISERROR(VLOOKUP(A13,'Controle de Estoque'!A:I,1,FALSE)),"",VLOOKUP(A13,'Controle de Estoque'!A:I,3,FALSE)) -> I 09 | I13: GUSTAVO JORGE | J13: =IF(M13<=0.8,"A",IF(M13<=0.95,"B","C")) -> A | K13: =SUMIF($A:$A,A13,$C:$C) -> 70 | L13: =K13/SUM($K$3:$K$847) -> 0.0022906509 | M13: =SUM($L$3:L13) -> 0.012696751
A14: N1373.9BL | B14: 45632 | C14: 12 | E14: =IF(ISERROR(VLOOKUP(A14,'Controle de Estoque'!A:H,1,FALSE)),"",VLOOKUP(A14,'Controle de Estoque'!A:H,4,FALSE)) -> 0 | G14: =IF(ISBLANK(A14),"",IF(ISERROR(VLOOKUP(A14,'Controle de Estoque'!A:I,1,FALSE)),"Produto não cadastrado",VLOOKUP(A14,'Controle de Estoque'!A:I,2,FALSE))) -> 2CLA137390N1104S | I14: GUSTAVO JORGE | J14: =IF(M14<=0.8,"A",IF(M14<=0.95,"B","C")) -> A | K14: =SUMIF($A:$A,A14,$C:$C) -> 144 | L14: =K14/SUM($K$3:$K$847) -> 0.0047121961 | M14: =SUM($L$3:L14) -> 0.017408947
A15: N1372.2PT | B15: 45632 | C15: 17 | E15: =IF(ISERROR(VLOOKUP(A15,'Controle de Estoque'!A:H,1,FALSE)),"",VLOOKUP(A15,'Controle de Estoque'!A:H,4,FALSE)) -> 153 | G15: =IF(ISBLANK(A15),"",IF(ISERROR(VLOOKUP(A15,'Controle de Estoque'!A:I,1,FALSE)),"Produto não cadastrado",VLOOKUP(A15,'Controle de Estoque'!A:I,2,FALSE))) -> 2CLA137220N1604S | H15: =IF(ISERROR(VLOOKUP(A15,'Controle de Estoque'!A:I,1,FALSE)),"",VLOOKUP(A15,'Controle de Estoque'!A:I,3,FALSE)) -> I 09 | I15: GUSTAVO JORGE | J15: =IF(M15<=0.8,"A",IF(M15<=0.95,"B","C")) -> A | K15: =SUMIF($A:$A,A15,$C:$C) -> 31 | L15: =K15/SUM($K$3:$K$847) -> 0.0010144311 | M15: =SUM($L$3:L15) -> 0.018423378
A16: N1372.2BL | B16: 45632 | C16: 16 | E16: =IF(ISERROR(VLOOKUP(A16,'Controle de Estoque'!A:H,1,FALSE)),"",VLOOKUP(A16,'Controle de Estoque'!A:H,4,FALSE)) -> 133 | G16: =IF(ISBLANK(A16),"",IF(ISERROR(VLOOKUP(A16,'Controle de Estoque'!A:I,1,FALSE)),"Produto não cadastrado",VLOOKUP(A16,'Controle de Estoque'!A:I,2,FALSE))) -> 2CLA137220N1104S | I16: GUSTAVO JORGE | J16: =IF(M16<=0.8,"A",IF(M16<=0.95,"B","C")) -> A | K16: =SUMIF($A:$A,A16,$C:$C) -> 136 | L16: =K16/SUM($K$3:$K$847) -> 0.0044504074 | M16: =SUM($L$3:L16) -> 0.022873785
A17: N1371.1BL | B17: 45632 | C17: 11 | E17: =IF(ISERROR(VLOOKUP(A17,'Controle de Estoque'!A:H,1,FALSE)),"",VLOOKUP(A17,'Controle de Estoque'!A:H,4,FALSE)) -> 113 | G17: =IF(ISBLANK(A17),"",IF(ISERROR(VLOOKUP(A17,'Controle de Estoque'!A:I,1,FALSE)),"Produto não cadastrado",VLOOKUP(A17,'Controle de Estoque'!A:I,2,FALSE))) -> 2CLA137110N1104S | I17: GUSTAVO JORGE | J17: =IF(M17<=0.8,"A",IF(M17<=0.95,"B","C")) -> A | K17: =SUMIF($A:$A,A17,$C:$C) -> 98 | L17: =K17/SUM($K$3:$K$847) -> 0.0032069112 | M17: =SUM($L$3:L17) -> 0.026080696
A18: N1370.1BL | B18: 45632 | C18: 6 | E18: =IF(ISERROR(VLOOKUP(A18,'Controle de Estoque'!A:H,1,FALSE)),"",VLOOKUP(A18,'Controle de Estoque'!A:H,4,FALSE)) -> 29 | G18: =IF(ISBLANK(A18),"",IF(ISERROR(VLOOKUP(A18,'Controle de Estoque'!A:I,1,FALSE)),"Produto não cadastrado",VLOOKUP(A18,'Controle de Estoque'!A:I,2,FALSE))) -> 2CLA137000N1104S | I18: GUSTAVO JORGE | J18: =IF(M18<=0.8,"A",IF(M18<=0.95,"B","C")) -> A | K18: =SUMIF($A:$A,A18,$C:$C) -> 61 | L18: =K18/SUM($K$3:$K$847) -> 0.0019961386 | M18: =SUM($L$3:L18) -> 0.028076835
A19: N1136.NPT | B19: 45632 | C19: 5 | E19: =IF(ISERROR(VLOOKUP(A19,'Controle de Estoque'!A:H,1,FALSE)),"",VLOOKUP(A19,'Controle de Estoque'!A:H,4,FALSE)) -> 16 | G19: =IF(ISBLANK(A19),"",IF(ISERROR(VLOOKUP(A19,'Controle de Estoque'!A:I,1,FALSE)),"Produto não cadastrado",VLOOKUP(A19,'Controle de Estoque'!A:I,2,FALSE))) -> 2CLA113600N1614S | H19: =IF(ISERROR(VLOOKUP(A19,'Controle de Estoque'!A:I,1,FALSE)),"",VLOOKUP(A19,'Controle de Estoque'!A:I,3,FALSE)) -> I 10 | I19: GUSTAVO JORGE | J19: =IF(M19<=0.8,"A",IF(M19<=0.95,"B","C")) -> A | K19: =SUMIF($A:$A,A19,$C:$C) -> 43 | L19: =K19/SUM($K$3:$K$847) -> 0.0014071141 | M19: =SUM($L$3:L19) -> 0.029483949
A20: N1136.N BL | B20: 45632 | C20: 24 | E20: =IF(ISERROR(VLOOKUP(A20,'Controle de Estoque'!A:H,1,FALSE)),"",VLOOKUP(A20,'Controle de Estoque'!A:H,4,FALSE)) | G20: =IF(ISBLANK(A20),"",IF(ISERROR(VLOOKUP(A20,'Controle de Estoque'!A:I,1,FALSE)),"Produto não cadastrado",VLOOKUP(A20,'Controle de Estoque'!A:I,2,FALSE))) -> Produto não cadastrado | H20: =IF(ISERROR(VLOOKUP(A20,'Controle de Estoque'!A:I,1,FALSE)),"",VLOOKUP(A20,'Controle de Estoque'!A:I,3,FALSE)) | I20: GUSTAVO JORGE | J20: =IF(M20<=0.8,"A",IF(M20<=0.95,"B","C")) -> A | K20: =SUMIF($A:$A,A20,$C:$C) -> 24 | L20: =K20/SUM($K$3:$K$847) -> 0.00078536601 | M20: =SUM($L$3:L20) -> 0.030269315
A21: N1136.2VM | B21: 45632 | C21: 9 | E21: =IF(ISERROR(VLOOKUP(A21,'Controle de Estoque'!A:H,1,FALSE)),"",VLOOKUP(A21,'Controle de Estoque'!A:H,4,FALSE)) -> 6 | G21: =IF(ISBLANK(A21),"",IF(ISERROR(VLOOKUP(A21,'Controle de Estoque'!A:I,1,FALSE)),"Produto não cadastrado",VLOOKUP(A21,'Controle de Estoque'!A:I,2,FALSE))) -> 2CLA113620N1704S | H21: =IF(ISERROR(VLOOKUP(A21,'Controle de Estoque'!A:I,1,FALSE)),"",VLOOKUP(A21,'Controle de Estoque'!A:I,3,FALSE)) -> I 21 | I21: GUSTAVO JORGE | J21: =IF(M21<=0.8,"A",IF(M21<=0.95,"B","C")) -> A | K21: =SUMIF($A:$A,A21,$C:$C) -> 83 | L21: =K21/SUM($K$3:$K$847) -> 0.0027160575 | M21: =SUM($L$3:L21) -> 0.032985373
A22: N1136.2NPT | B22: 45632 | C22: 18 | E22: =IF(ISERROR(VLOOKUP(A22,'Controle de Estoque'!A:H,1,FALSE)),"",VLOOKUP(A22,'Controle de Estoque'!A:H,4,FALSE)) -> 0 | G22: =IF(ISBLANK(A22),"",IF(ISERROR(VLOOKUP(A22,'Controle de Estoque'!A:I,1,FALSE)),"Produto não cadastrado",VLOOKUP(A22,'Controle de Estoque'!A:I,2,FALSE))) -> 2CLA113620N1614S | H22: =IF(ISERROR(VLOOKUP(A22,'Controle de Estoque'!A:I,1,FALSE)),"",VLOOKUP(A22,'Controle de Estoque'!A:I,3,FALSE)) -> I 10 | I22: GUSTAVO JORGE | J22: =IF(M22<=0.8,"A",IF(M22<=0.95,"B","C")) -> A | K22: =SUMIF($A:$A,A22,$C:$C) -> 88 | L22: =K22/SUM($K$3:$K$847) -> 0.0028796754 | M22: =SUM($L$3:L22) -> 0.035865048
A23: N1136.2BL | B23: 45632 | C23: 9 | E23: =IF(ISERROR(VLOOKUP(A23,'Controle de Estoque'!A:H,1,FALSE)),"",VLOOKUP(A23,'Controle de Estoque'!A:H,4,FALSE)) -> 52 | G23: =IF(ISBLANK(A23),"",IF(ISERROR(VLOOKUP(A23,'Controle de Estoque'!A:I,1,FALSE)),"Produto não cadastrado",VLOOKUP(A23,'Controle de Estoque'!A:I,2,FALSE))) -> 2CLA113620N1104S | H23: =IF(ISERROR(VLOOKUP(A23,'Controle de Estoque'!A:I,1,FALSE)),"",VLOOKUP(A23,'Controle de Estoque'!A:I,3,FALSE)) -> I 03 | I23: GUSTAVO JORGE | J23: =IF(M23<=0.8,"A",IF(M23<=0.95,"B","C")) -> A | K23: =SUMIF($A:$A,A23,$C:$C) -> 94 | L23: =K23/SUM($K$3:$K$847) -> 0.0030760169 | M23: =SUM($L$3:L23) -> 0.038941065
A24: N1118.6PT | B24: 45632 | C24: 3 | E24: =IF(ISERROR(VLOOKUP(A24,'Controle de Estoque'!A:H,1,FALSE)),"",VLOOKUP(A24,'Controle de Estoque'!A:H,4,FALSE)) -> 7 | G24: =IF(ISBLANK(A24),"",IF(ISERROR(VLOOKUP(A24,'Controle de Estoque'!A:I,1,FALSE)),"Produto não cadastrado",VLOOKUP(A24,'Controle de Estoque'!A:I,2,FALSE))) -> 2CLA111860N1604S | H24: =IF(ISERROR(VLOOKUP(A24,'Controle de Estoque'!A:I,1,FALSE)),"",VLOOKUP(A24,'Controle de Estoque'!A:I,3,FALSE)) -> I 08 | I24: GUSTAVO JORGE | J24: =IF(M24<=0.8,"A",IF(M24<=0.95,"B","C")) -> A | K24: =SUMIF($A:$A,A24,$C:$C) -> 3 | L24: =K24/SUM($K$3:$K$847) -> 9.8170752e-05 | M24: =SUM($L$3:L24) -> 0.039039236
A25: N1110PT | B25: 45632 | C25: 5 | E25: =IF(ISERROR(VLOOKUP(A25,'Controle de Estoque'!A:H,1,FALSE)),"",VLOOKUP(A25,'Controle de Estoque'!A:H,4,FALSE)) -> 22 | G25: =IF(ISBLANK(A25),"",IF(ISERROR(VLOOKUP(A25,'Controle de Estoque'!A:I,1,FALSE)),"Produto não cadastrado",VLOOKUP(A25,'Controle de Estoque'!A:I,2,FALSE))) -> 2CLA111000N1604S | H25: =IF(ISERROR(VLOOKUP(A25,'Controle de Estoque'!A:I,1,FALSE)),"",VLOOKUP(A25,'Controle de Estoque'!A:I,3,FALSE)) -> I 08 | I25: GUSTAVO JORGE | J25: =IF(M25<=0.8,"A",IF(M25<=0.95,"B","C")) -> A | K25: =SUMIF($A:$A,A25,$C:$C) -> 24 | L25: =K25/SUM($K$3:$K$847) -> 0.00078536601 | M25: =SUM($L$3:L25) -> 0.039824602
A26: N1110BL | B26: 45632 | C26: 4 | E26: =IF(ISERROR(VLOOKUP(A26,'Controle de Estoque'!A:H,1,FALSE)),"",VLOOKUP(A26,'Controle de Estoque'!A:H,4,FALSE)) -> 11 | G26: =IF(ISBLANK(A26),"",IF(ISERROR(VLOOKUP(A26,'Controle de Estoque'!A:I,1,FALSE)),"Produto não cadastrado",VLOOKUP(A26,'Controle de Estoque'!A:I,2,FALSE))) -> 2CLA111000N1104S | H26: =IF(ISERROR(VLOOKUP(A26,'Controle de Estoque'!A:I,1,FALSE)),"",VLOOKUP(A26,'Controle de Estoque'!A:I,3,FALSE)) -> I 02 | I26: GUSTAVO JORGE | J26: =IF(M26<=0.8,"A",IF(M26<=0.95,"B","C")) -> A | K26: =SUMIF($A:$A,A26,$C:$C) -> 27 | L26: =K26/SUM($K$3:$K$847) -> 0.00088353676 | M26: =SUM($L$3:L26) -> 0.040708138
A27: N1102PT | B27: 45632 | C27: 4 | E27: =IF(ISERROR(VLOOKUP(A27,'Controle de Estoque'!A:H,1,FALSE)),"",VLOOKUP(A27,'Controle de Estoque'!A:H,4,FALSE)) -> 111 | G27: =IF(ISBLANK(A27),"",IF(ISERROR(VLOOKUP(A27,'Controle de Estoque'!A:I,1,FALSE)),"Produto não cadastrado",VLOOKUP(A27,'Controle de Estoque'!A:I,2,FALSE))) -> 2CLA110210N1604S | H27: =IF(ISERROR(VLOOKUP(A27,'Controle de Estoque'!A:I,1,FALSE)),"",VLOOKUP(A27,'Controle de Estoque'!A:I,3,FALSE)) -> I 08 | I27: GUSTAVO JORGE | J27: =IF(M27<=0.8,"A",IF(M27<=0.95,"B","C")) -> A | K27: =SUMIF($A:$A,A27,$C:$C) -> 22 | L27: =K27/SUM($K$3:$K$847) -> 0.00071991885 | M27: =SUM($L$3:L27) -> 0.041428057
A28: N1102BL | B28: 45632 | C28: 16 | E28: =IF(ISERROR(VLOOKUP(A28,'Controle de Estoque'!A:H,1,FALSE)),"",VLOOKUP(A28,'Controle de Estoque'!A:H,4,FALSE)) -> 67 | G28: =IF(ISBLANK(A28),"",IF(ISERROR(VLOOKUP(A28,'Controle de Estoque'!A:I,1,FALSE)),"Produto não cadastrado",VLOOKUP(A28,'Controle de Estoque'!A:I,2,FALSE))) -> 2CLA110210N1104S | H28: =IF(ISERROR(VLOOKUP(A28,'Controle de Estoque'!A:I,1,FALSE)),"",VLOOKUP(A28,'Controle de Estoque'!A:I,3,FALSE)) -> I 02 | I28: GUSTAVO JORGE | J28: =IF(M28<=0.8,"A",IF(M28<=0.95,"B","C")) -> A | K28: =SUMIF($A:$A,A28,$C:$C) -> 99 | L28: =K28/SUM($K$3:$K$847) -> 0.0032396348 | M28: =SUM($L$3:L28) -> 0.044667692
A29: N1101PT | B29: 45632 | C29: 5 | E29: =IF(ISERROR(VLOOKUP(A29,'Controle de Estoque'!A:H,1,FALSE)),"",VLOOKUP(A29,'Controle de Estoque'!A:H,4,FALSE)) -> 156 | G29: =IF(ISBLANK(A29),"",IF(ISERROR(VLOOKUP(A29,'Controle de Estoque'!A:I,1,FALSE)),"Produto não cadastrado",VLOOKUP(A29,'Controle de Estoque'!A:I,2,FALSE))) -> 2CLA110100N1604S | H29: =IF(ISERROR(VLOOKUP(A29,'Controle de Estoque'!A:I,1,FALSE)),"",VLOOKUP(A29,'Controle de Estoque'!A:I,3,FALSE)) -> I 08 | I29: GUSTAVO JORGE | J29: =IF(M29<=0.8,"A",IF(M29<=0.95,"B","C")) -> A | K29: =SUMIF($A:$A,A29,$C:$C) -> 15 | L29: =K29/SUM($K$3:$K$847) -> 0.00049085376 | M29: =SUM($L$3:L29) -> 0.045158546
A30: N1101BL | B30: 45632 | C30: 8 | E30: =IF(ISERROR(VLOOKUP(A30,'Controle de Estoque'!A:H,1,FALSE)),"",VLOOKUP(A30,'Controle de Estoque'!A:H,4,FALSE)) -> 476 | G30: =IF(ISBLANK(A30),"",IF(ISERROR(VLOOKUP(A30,'Controle de Estoque'!A:I,1,FALSE)),"Produto não cadastrado",VLOOKUP(A30,'Controle de Estoque'!A:I,2,FALSE))) -> 2CLA110100N1104S | I30: GUSTAVO JORGE | J30: =IF(M30<=0.8,"A",IF(M30<=0.95,"B","C")) -> A | K30: =SUMIF($A:$A,A30,$C:$C) -> 117 | L30: =K30/SUM($K$3:$K$847) -> 0.0038286593 | M30: =SUM($L$3:L30) -> 0.048987205
A31: N1100PT | B31: 45632 | C31: 5 | E31: =IF(ISERROR(VLOOKUP(A31,'Controle de Estoque'!A:H,1,FALSE)),"",VLOOKUP(A31,'Controle de Estoque'!A:H,4,FALSE)) -> 108 | G31: =IF(ISBLANK(A31),"",IF(ISERROR(VLOOKUP(A31,'Controle de Estoque'!A:I,1,FALSE)),"Produto não cadastrado",VLOOKUP(A31,'Controle de Estoque'!A:I,2,FALSE))) -> 2CLA110000N1604S | H31: =IF(ISERROR(VLOOKUP(A31,'Controle de Estoque'!A:I,1,FALSE)),"",VLOOKUP(A31,'Controle de Estoque'!A:I,3,FALSE)) -> I 08 | I31: GUSTAVO JORGE | J31: =IF(M31<=0.8,"A",IF(M31<=0.95,"B","C")) -> A | K31: =SUMIF($A:$A,A31,$C:$C) -> 19 | L31: =K31/SUM($K$3:$K$847) -> 0.00062174809 | M31: =SUM($L$3:L31) -> 0.049608953
A32: MS116-6.3 | B32: 45632 | C32: 1 | E32: =IF(ISERROR(VLOOKUP(A32,'Controle de Estoque'!A:H,1,FALSE)),"",VLOOKUP(A32,'Controle de Estoque'!A:H,4,FALSE)) -> 2 | G32: =IF(ISBLANK(A32),"",IF(ISERROR(VLOOKUP(A32,'Controle de Estoque'!A:I,1,FALSE)),"Produto não cadastrado",VLOOKUP(A32,'Controle de Estoque'!A:I,2,FALSE))) -> 1SAM250000R1009 | H32: =IF(ISERROR(VLOOKUP(A32,'Controle de Estoque'!A:I,1,FALSE)),"",VLOOKUP(A32,'Controle de Estoque'!A:I,3,FALSE)) -> C 08 | I32: GUSTAVO JORGE | J32: =IF(M32<=0.8,"A",IF(M32<=0.95,"B","C")) -> A | K32: =SUMIF($A:$A,A32,$C:$C) -> 10 | L32: =K32/SUM($K$3:$K$847) -> 0.00032723584 | M32: =SUM($L$3:L32) -> 0.049936189
A33: MS116-4.0 | B33: 45632 | C33: 2 | E33: =IF(ISERROR(VLOOKUP(A33,'Controle de Estoque'!A:H,1,FALSE)),"",VLOOKUP(A33,'Controle de Estoque'!A:H,4,FALSE)) -> 3 | G33: =IF(ISBLANK(A33),"",IF(ISERROR(VLOOKUP(A33,'Controle de Estoque'!A:I,1,FALSE)),"Produto não cadastrado",VLOOKUP(A33,'Controle de Estoque'!A:I,2,FALSE))) -> 1SAM250000R1008 | H33: =IF(ISERROR(VLOOKUP(A33,'Controle de Estoque'!A:I,1,FALSE)),"",VLOOKUP(A33,'Controle de Estoque'!A:I,3,FALSE)) -> C 08 | I33: GUSTAVO JORGE | J33: =IF(M33<=0.8,"A",IF(M33<=0.95,"B","C")) -> A | K33: =SUMIF($A:$A,A33,$C:$C) -> 12 | L33: =K33/SUM($K$3:$K$847) -> 0.00039268301 | M33: =SUM($L$3:L33) -> 0.050328872
A34: MS116-12 | B34: 45632 | C34: 1 | E34: =IF(ISERROR(VLOOKUP(A34,'Controle de Estoque'!A:H,1,FALSE)),"",VLOOKUP(A34,'Controle de Estoque'!A:H,4,FALSE)) -> 7 | G34: =IF(ISBLANK(A34),"",IF(ISERROR(VLOOKUP(A34,'Controle de Estoque'!A:I,1,FALSE)),"Produto não cadastrado",VLOOKUP(A34,'Controle de Estoque'!A:I,2,FALSE))) -> 1SAM250000R1012 | H34: =IF(ISERROR(VLOOKUP(A34,'Controle de Estoque'!A:I,1,FALSE)),"",VLOOKUP(A34,'Controle de Estoque'!A:I,3,FALSE)) -> C 08 | I34: GUSTAVO JORGE | J34: =IF(M34<=0.8,"A",IF(M34<=0.95,"B","C")) -> A | K34: =SUMIF($A:$A,A34,$C:$C) -> 3 | L34: =K34/SUM($K$3:$K$847) -> 9.8170752e-05 | M34: =SUM($L$3:L34) -> 0.050427043
A35: AX12-30-10-75 | B35: 45632 | C35: 1 | E35: =IF(ISERROR(VLOOKUP(A35,'Controle de Estoque'!A:H,1,FALSE)),"",VLOOKUP(A35,'Controle de Estoque'!A:H,4,FALSE)) -> 4 | G35: =IF(ISBLANK(A35),"",IF(ISERROR(VLOOKUP(A35,'Controle de Estoque'!A:I,1,FALSE)),"Produto não cadastrado",VLOOKUP(A35,'Controle de Estoque'!A:I,2,FALSE))) -> 1SBL911074R7510 | H35: =IF(ISERROR(VLOOKUP(A35,'Controle de Estoque'!A:I,1,FALSE)),"",VLOOKUP(A35,'Controle de Estoque'!A:I,3,FALSE)) -> C 02 | I35: GUSTAVO JORGE | J35: =IF(M35<=0.8,"A",IF(M35<=0.95,"B","C")) -> A | K35: =SUMIF($A:$A,A35,$C:$C) -> 11 | L35: =K35/SUM($K$3:$K$847) -> 0.00035995942 | M35: =SUM($L$3:L35) -> 0.050787002
A36: AX09-30-10-75 | B36: 45632 | C36: 3 | E36: =IF(ISERROR(VLOOKUP(A36,'Controle de Estoque'!A:H,1,FALSE)),"",VLOOKUP(A36,'Controle de Estoque'!A:H,4,FALSE)) -> 0 | G36: =IF(ISBLANK(A36),"",IF(ISERROR(VLOOKUP(A36,'Controle de Estoque'!A:I,1,FALSE)),"Produto não cadastrado",VLOOKUP(A36,'Controle de Estoque'!A:I,2,FALSE))) -> 1SBL901074R7510 | H36: =IF(ISERROR(VLOOKUP(A36,'Controle de Estoque'!A:I,1,FALSE)),"",VLOOKUP(A36,'Controle de Estoque'!A:I,3,FALSE)) -> C 09 | I36: GUSTAVO JORGE | J36: =IF(M36<=0.8,"A",IF(M36<=0.95,"B","C")) -> A | K36: =SUMIF($A:$A,A36,$C:$C) -> 22 | L36: =K36/SUM($K$3:$K$847) -> 0.00071991885 | M36: =SUM($L$3:L36) -> 0.051506921
A37: ZMU-03 | B37: 45632 | C37: 1 | E37: =IF(ISERROR(VLOOKUP(A37,'Controle de Estoque'!A:H,1,FALSE)),"",VLOOKUP(A37,'Controle de Estoque'!A:H,4,FALSE)) -> 1 | G37: =IF(ISBLANK(A37),"",IF(ISERROR(VLOOKUP(A37,'Controle de Estoque'!A:I,1,FALSE)),"Produto não cadastrado",VLOOKUP(A37,'Controle de Estoque'!A:I,2,FALSE))) -> 3AXD50000223107A | H37: =IF(ISERROR(VLOOKUP(A37,'Controle de Estoque'!A:I,1,FALSE)),"",VLOOKUP(A37,'Controle de Estoque'!A:I,3,FALSE)) -> ARMARIO 01 | I37: MASTER KIT | J37: =IF(M37<=0.8,"A",IF(M37<=0.95,"B","C")) -> A | K37: =SUMIF($A:$A,A37,$C:$C) -> 3 | L37: =K37/SUM($K$3:$K$847) -> 9.8170752e-05 | M37: =SUM($L$3:L37) -> 0.051605092
A38: VM4 | B38: 45635 | C38: 1 | E38: =IF(ISERROR(VLOOKUP(A38,'Controle de Estoque'!A:H,1,FALSE)),"",VLOOKUP(A38,'Controle de Estoque'!A:H,4,FALSE)) -> 0 | G38: =IF(ISBLANK(A38),"",IF(ISERROR(VLOOKUP(A38,'Controle de Estoque'!A:I,1,FALSE)),"Produto não cadastrado",VLOOKUP(A38,'Controle de Estoque'!A:I,2,FALSE))) -> 1SBN030105T1000 | I38: MDP 8467 | J38: =IF(M38<=0.8,"A",IF(M38<=0.95,"B","C")) -> A | K38: =SUMIF($A:$A,A38,$C:$C) -> 1 | L38: =K38/SUM($K$3:$K$847) -> 3.2723584e-05 | M38: =SUM($L$3:L38) -> 0.051637815
A39: TF42-13 | B39: 45635 | C39: 1 | E39: =IF(ISERROR(VLOOKUP(A39,'Controle de Estoque'!A:H,1,FALSE)),"",VLOOKUP(A39,'Controle de Estoque'!A:H,4,FALSE)) -> 0 | G39: =IF(ISBLANK(A39),"",IF(ISERROR(VLOOKUP(A39,'Controle de Estoque'!A:I,1,FALSE)),"Produto não cadastrado",VLOOKUP(A39,'Controle de Estoque'!A:I,2,FALSE))) -> TF42-13 | I39: MDP 8467 | J39: =IF(M39<=0.8,"A",IF(M39<=0.95,"B","C")) -> A | K39: =SUMIF($A:$A,A39,$C:$C) -> 1 | L39: =K39/SUM($K$3:$K$847) -> 3.2723584e-05 | M39: =SUM($L$3:L39) -> 0.051670539
A40: MS132-2.5 | B40: 45635 | C40: 1 | E40: =IF(ISERROR(VLOOKUP(A40,'Controle de Estoque'!A:H,1,FALSE)),"",VLOOKUP(A40,'Controle de Estoque'!A:H,4,FALSE)) -> 2 | G40: =IF(ISBLANK(A40),"",IF(ISERROR(VLOOKUP(A40,'Controle de Estoque'!A:I,1,FALSE)),"Produto não cadastrado",VLOOKUP(A40,'Controle de Estoque'!A:I,2,FALSE))) -> 1SAM350000R1007 | I40: MDP 8467 | J40: =IF(M40<=0.8,"A",IF(M40<=0.95,"B","C")) -> A | K40: =SUMIF($A:$A,A40,$C:$C) -> 14 | L40: =K40/SUM($K$3:$K$847) -> 0.00045813017 | M40: =SUM($L$3:L40) -> 0.052128669
A41: MLBL-01R | B41: 45635 | C41: 1 | E41: =IF(ISERROR(VLOOKUP(A41,'Controle de Estoque'!A:H,1,FALSE)),"",VLOOKUP(A41,'Controle de Estoque'!A:H,4,FALSE)) -> 5 | G41: =IF(ISBLANK(A41),"",IF(ISERROR(VLOOKUP(A41,'Controle de Estoque'!A:I,1,FALSE)),"Produto não cadastrado",VLOOKUP(A41,'Controle de Estoque'!A:I,2,FALSE))) -> 1SFA611621R1011 | I41: MDP 8467 | J41: =IF(M41<=0.8,"A",IF(M41<=0.95,"B","C")) -> A | K41: =SUMIF($A:$A,A41,$C:$C) -> 7 | L41: =K41/SUM($K$3:$K$847) -> 0.00022906509 | M41: =SUM($L$3:L41) -> 0.052357734
A42: ML1-100R | B42: 45635 | C42: 1 | E42: =IF(ISERROR(VLOOKUP(A42,'Controle de Estoque'!A:H,1,FALSE)),"",VLOOKUP(A42,'Controle de Estoque'!A:H,4,FALSE)) -> 42 | G42: =IF(ISBLANK(A42),"",IF(ISERROR(VLOOKUP(A42,'Controle de Estoque'!A:I,1,FALSE)),"Produto não cadastrado",VLOOKUP(A42,'Controle de Estoque'!A:I,2,FALSE))) -> 1SFA611400R1001 | I42: MDP 8467 | J42: =IF(M42<=0.8,"A",IF(M42<=0.95,"B","C")) -> A | K42: =SUMIF($A:$A,A42,$C:$C) -> 24 | L42: =K42/SUM($K$3:$K$847) -> 0.00078536601 | M42: =SUM($L$3:L42) -> 0.0531431
A43: DB42 | B43: 45635 | C43: 1 | E43: =IF(ISERROR(VLOOKUP(A43,'Controle de Estoque'!A:H,1,FALSE)),"",VLOOKUP(A43,'Controle de Estoque'!A:H,4,FALSE)) -> 0 | G43: =IF(ISBLANK(A43),"",IF(ISERROR(VLOOKUP(A43,'Controle de Estoque'!A:I,1,FALSE)),"Produto não cadastrado",VLOOKUP(A43,'Controle de Estoque'!A:I,2,FALSE))) -> 1SAZ701902R0001 | I43: MDP 8467 | J43: =IF(M43<=0.8,"A",IF(M43<=0.95,"B","C")) -> A | K43: =SUMIF($A:$A,A43,$C:$C) -> 1 | L43: =K43/SUM($K$3:$K$847) -> 3.2723584e-05 | M43: =SUM($L$3:L43) -> 0.053175824
A44: CP-E24/5.0 | B44: 45635 | C44: 1 | E44: =IF(ISERROR(VLOOKUP(A44,'Controle de Estoque'!A:H,1,FALSE)),"",VLOOKUP(A44,'Controle de Estoque'!A:H,4,FALSE)) -> 0 | G44: =IF(ISBLANK(A44),"",IF(ISERROR(VLOOKUP(A44,'Controle de Estoque'!A:I,1,FALSE)),"Produto não cadastrado",VLOOKUP(A44,'Controle de Estoque'!A:I,2,FALSE))) -> 1SVR427034R0000 | I44: MDP 8467 | J44: =IF(M44<=0.8,"A",IF(M44<=0.95,"B","C")) -> A | K44: =SUMIF($A:$A,A44,$C:$C) -> 11 | L44: =K44/SUM($K$3:$K$847) -> 0.00035995942 | M44: =SUM($L$3:L44) -> 0.053535783
A45: CM-PFS.S | B45: 45635 | C45: 1 | E45: =IF(ISERROR(VLOOKUP(A45,'Controle de Estoque'!A:H,1,FALSE)),"",VLOOKUP(A45,'Controle de Estoque'!A:H,4,FALSE)) -> 4 | G45: =IF(ISBLANK(A45),"",IF(ISERROR(VLOOKUP(A45,'Controle de Estoque'!A:I,1,FALSE)),"Produto não cadastrado",VLOOKUP(A45,'Controle de Estoque'!A:I,2,FALSE))) -> 1SVR730824R9300 | I45: MDP 8467 | J45: =IF(M45<=0.8,"A",IF(M45<=0.95,"B","C")) -> A | K45: =SUMIF($A:$A,A45,$C:$C) -> 8 | L45: =K45/SUM($K$3:$K$847) -> 0.00026178867 | M45: =SUM($L$3:L45) -> 0.053797572
A46: CB1-610R | B46: 45635 | C46: 1 | E46: =IF(ISERROR(VLOOKUP(A46,'Controle de Estoque'!A:H,1,FALSE)),"",VLOOKUP(A46,'Controle de Estoque'!A:H,4,FALSE)) -> 0 | G46: =IF(ISBLANK(A46),"",IF(ISERROR(VLOOKUP(A46,'Controle de Estoque'!A:I,1,FALSE)),"Produto não cadastrado",VLOOKUP(A46,'Controle de Estoque'!A:I,2,FALSE))) -> 1SFA619600R6101 | I46: MDP 8467 | J46: =IF(M46<=0.8,"A",IF(M46<=0.95,"B","C")) -> A | K46: =SUMIF($A:$A,A46,$C:$C) -> 1 | L46: =K46/SUM($K$3:$K$847) -> 3.2723584e-05 | M46: =SUM($L$3:L46) -> 0.053830295
A47: AF16-30-01-13 | B47: 45635 | C47: 2 | E47: =IF(ISERROR(VLOOKUP(A47,'Controle de Estoque'!A:H,1,FALSE)),"",VLOOKUP(A47,'Controle de Estoque'!A:H,4,FALSE)) -> 0 | G47: =IF(ISBLANK(A47),"",IF(ISERROR(VLOOKUP(A47,'Controle de Estoque'!A:I,1,FALSE)),"Produto não cadastrado",VLOOKUP(A47,'Controle de Estoque'!A:I,2,FALSE))) -> 1SBL177001R1301 | I47: MDP 8467 | J47: =IF(M47<=0.8,"A",IF(M47<=0.95,"B","C")) -> A | K47: =SUMIF($A:$A,A47,$C:$C) -> 2 | L47: =K47/SUM($K$3:$K$847) -> 6.5447168e-05 | M47: =SUM($L$3:L47) -> 0.053895743
A48: AF09-30-01-13 | B48: 45635 | C48: 1 | E48: =IF(ISERROR(VLOOKUP(A48,'Controle de Estoque'!A:H,1,FALSE)),"",VLOOKUP(A48,'Controle de Estoque'!A:H,4,FALSE)) -> 0 | G48: =IF(ISBLANK(A48),"",IF(ISERROR(VLOOKUP(A48,'Controle de Estoque'!A:I,1,FALSE)),"Produto não cadastrado",VLOOKUP(A48,'Controle de Estoque'!A:I,2,FALSE))) -> 1SBL137001R1301 | I48: MDP 8467 | J48: =IF(M48<=0.8,"A",IF(M48<=0.95,"B","C")) -> A | K48: =SUMIF($A:$A,A48,$C:$C) -> 6 | L48: =K48/SUM($K$3:$K$847) -> 0.0001963415 | M48: =SUM($L$3:L48) -> 0.054092084
A49: 1SDA066422R1 | B49: 45635 | C49: 1 | E49: =IF(ISERROR(VLOOKUP(A49,'Controle de Estoque'!A:H,1,FALSE)),"",VLOOKUP(A49,'Controle de Estoque'!A:H,4,FALSE)) -> 6 | G49: =IF(ISBLANK(A49),"",IF(ISERROR(VLOOKUP(A49,'Controle de Estoque'!A:I,1,FALSE)),"Produto não cadastrado",VLOOKUP(A49,'Controle de Estoque'!A:I,2,FALSE))) -> 1SDA066422R1 | I49: MDP 8467 | J49: =IF(M49<=0.8,"A",IF(M49<=0.95,"B","C")) -> A | K49: =SUMIF($A:$A,A49,$C:$C) -> 14 | L49: =K49/SUM($K$3:$K$847) -> 0.00045813017 | M49: =SUM($L$3:L49) -> 0.054550214
... A64: XT4-TERMINAL | B64: 45637 | C64: 2 | E64: =IF(ISERROR(VLOOKUP(A64,'Controle de Estoque'!A:H,1,FALSE)),"",VLOOKUP(A64,'Controle de Estoque'!A:H,4,FALSE)) | G64: =IF(ISBLANK(A64),"",IF(ISERROR(VLOOKUP(A64,'Controle de Estoque'!A:I,1,FALSE)),"Produto não cadastrado",VLOOKUP(A64,'Controle de Estoque'!A:I,2,FALSE))) -> Produto não cadastrado | I64: PAINEL VITOR A TONINHO | J64: =IF(M64<=0.8,"A",IF(M64<=0.95,"B","C")) -> A | K64: =SUMIF($A:$A,A64,$C:$C) -> 6 | L64: =K64/SUM($K$3:$K$847) -> 0.0001963415 | M64: =SUM($L$3:L64) -> 0.08920449
A65: E93/32 | B65: 45638 | C65: 1 | E65: =IF(ISERROR(VLOOKUP(A65,'Controle de Estoque'!A:H,1,FALSE)),"",VLOOKUP(A65,'Controle de Estoque'!A:H,4,FALSE)) -> 8 | G65: =IF(ISBLANK(A65),"",IF(ISERROR(VLOOKUP(A65,'Controle de Estoque'!A:I,1,FALSE)),"Produto não cadastrado",VLOOKUP(A65,'Controle de Estoque'!A:I,2,FALSE))) -> 2CSM204753R1801 | J65: =IF(M65<=0.8,"A",IF(M65<=0.95,"B","C")) -> A | K65: =SUMIF($A:$A,A65,$C:$C) -> 6 | L65: =K65/SUM($K$3:$K$847) -> 0.0001963415 | M65: =SUM($L$3:L65) -> 0.089400831
A66: 700HLT1Z24 | B66: 45638 | C66: 24 | E66: =IF(ISERROR(VLOOKUP(A66,'Controle de Estoque'!A:H,1,FALSE)),"",VLOOKUP(A66,'Controle de Estoque'!A:H,4,FALSE)) -> 7 | G66: =IF(ISBLANK(A66),"",IF(ISERROR(VLOOKUP(A66,'Controle de Estoque'!A:I,1,FALSE)),"Produto não cadastrado",VLOOKUP(A66,'Controle de Estoque'!A:I,2,FALSE))) -> 700HLT1Z24 | I66: ALUCEL | J66: =IF(M66<=0.8,"A",IF(M66<=0.95,"B","C")) -> A | K66: =SUMIF($A:$A,A66,$C:$C) -> 24 | L66: =K66/SUM($K$3:$K$847) -> 0.00078536601 | M66: =SUM($L$3:L66) -> 0.090186197
A67: 1492GM35 | B67: 45638 | C67: 10 | E67: =IF(ISERROR(VLOOKUP(A67,'Controle de Estoque'!A:H,1,FALSE)),"",VLOOKUP(A67,'Controle de Estoque'!A:H,4,FALSE)) -> 0 | G67: =IF(ISBLANK(A67),"",IF(ISERROR(VLOOKUP(A67,'Controle de Estoque'!A:I,1,FALSE)),"Produto não cadastrado",VLOOKUP(A67,'Controle de Estoque'!A:I,2,FALSE))) -> 1492GM35 | I67: ALUCEL | J67: =IF(M67<=0.8,"A",IF(M67<=0.95,"B","C")) -> A | K67: =SUMIF($A:$A,A67,$C:$C) -> 10 | L67: =K67/SUM($K$3:$K$847) -> 0.00032723584 | M67: =SUM($L$3:L67) -> 0.090513433
A68: 1492EBJD3 | B68: 45638 | C68: 3 | E68: =IF(ISERROR(VLOOKUP(A68,'Controle de Estoque'!A:H,1,FALSE)),"",VLOOKUP(A68,'Controle de Estoque'!A:H,4,FALSE)) -> 0 | G68: =IF(ISBLANK(A68),"",IF(ISERROR(VLOOKUP(A68,'Controle de Estoque'!A:I,1,FALSE)),"Produto não cadastrado",VLOOKUP(A68,'Controle de Estoque'!A:I,2,FALSE))) -> 1492EBJD3 | I68: ALUCEL | J68: =IF(M68<=0.8,"A",IF(M68<=0.95,"B","C")) -> A | K68: =SUMIF($A:$A,A68,$C:$C) -> 3 | L68: =K68/SUM($K$3:$K$847) -> 9.8170752e-05 | M68: =SUM($L$3:L68) -> 0.090611604
A69: 1492EAJ35 | B69: 45638 | C69: 7 | E69: =IF(ISERROR(VLOOKUP(A69,'Controle de Estoque'!A:H,1,FALSE)),"",VLOOKUP(A69,'Controle de Estoque'!A:H,4,FALSE)) -> 0 | G69: =IF(ISBLANK(A69),"",IF(ISERROR(VLOOKUP(A69,'Controle de Estoque'!A:I,1,FALSE)),"Produto não cadastrado",VLOOKUP(A69,'Controle de Estoque'!A:I,2,FALSE))) -> 1492EAJ35 | I69: ALUCEL | J69: =IF(M69<=0.8,"A",IF(M69<=0.95,"B","C")) -> A | K69: =SUMIF($A:$A,A69,$C:$C) -> 7 | L69: =K69/SUM($K$3:$K$847) -> 0.00022906509 | M69: =SUM($L$3:L69) -> 0.090840669
A70: E93/32 | B70: 45638 | C70: 3 | E70: =IF(ISERROR(VLOOKUP(A70,'Controle de Estoque'!A:H,1,FALSE)),"",VLOOKUP(A70,'Controle de Estoque'!A:H,4,FALSE)) -> 8 | G70: =IF(ISBLANK(A70),"",IF(ISERROR(VLOOKUP(A70,'Controle de Estoque'!A:I,1,FALSE)),"Produto não cadastrado",VLOOKUP(A70,'Controle de Estoque'!A:I,2,FALSE))) -> 2CSM204753R1801 | I70: ORBITA | J70: =IF(M70<=0.8,"A",IF(M70<=0.95,"B","C")) -> A | K70: =SUMIF($A:$A,A70,$C:$C) -> 6 | L70: =K70/SUM($K$3:$K$847) -> 0.0001963415 | M70: =SUM($L$3:L70) -> 0.09103701
A71: HKF1-11 | B71: 45638 | C71: 2 | E71: =IF(ISERROR(VLOOKUP(A71,'Controle de Estoque'!A:H,1,FALSE)),"",VLOOKUP(A71,'Controle de Estoque'!A:H,4,FALSE)) -> 31 | G71: =IF(ISBLANK(A71),"",IF(ISERROR(VLOOKUP(A71,'Controle de Estoque'!A:I,1,FALSE)),"Produto não cadastrado",VLOOKUP(A71,'Controle de Estoque'!A:I,2,FALSE))) -> 1SAM201901R1001 | I71: PAINEL (RENER) | J71: =IF(M71<=0.8,"A",IF(M71<=0.95,"B","C")) -> A | K71: =SUMIF($A:$A,A71,$C:$C) -> 51 | L71: =K71/SUM($K$3:$K$847) -> 0.0016689028 | M71: =SUM($L$3:L71) -> 0.092705913
A72: SJ202T-C04 | B72: 45638 | C72: 1 | E72: =IF(ISERROR(VLOOKUP(A72,'Controle de Estoque'!A:H,1,FALSE)),"",VLOOKUP(A72,'Controle de Estoque'!A:H,4,FALSE)) -> 86 | G72: =IF(ISBLANK(A72),"",IF(ISERROR(VLOOKUP(A72,'Controle de Estoque'!A:I,1,FALSE)),"Produto não cadastrado",VLOOKUP(A72,'Controle de Estoque'!A:I,2,FALSE))) -> 2TAZ144200R0044 | I72: VINICIUS | J72: =IF(M72<=0.8,"A",IF(M72<=0.95,"B","C")) -> A | K72: =SUMIF($A:$A,A72,$C:$C) -> 11 | L72: =K72/SUM($K$3:$K$847) -> 0.00035995942 | M72: =SUM($L$3:L72) -> 0.093065873
A73: MPD1-11Y | B73: 45638 | C73: 1 | E73: =IF(ISERROR(VLOOKUP(A73,'Controle de Estoque'!A:H,1,FALSE)),"",VLOOKUP(A73,'Controle de Estoque'!A:H,4,FALSE)) -> 10 | G73: =IF(ISBLANK(A73),"",IF(ISERROR(VLOOKUP(A73,'Controle de Estoque'!A:I,1,FALSE)),"Produto não cadastrado",VLOOKUP(A73,'Controle de Estoque'!A:I,2,FALSE))) -> 1SFA611130R1103 | I73: VINICIUS | J73: =IF(M73<=0.8,"A",IF(M73<=0.95,"B","C")) -> A | K73: =SUMIF($A:$A,A73,$C:$C) -> 1 | L73: =K73/SUM($K$3:$K$847) -> 3.2723584e-05 | M73: =SUM($L$3:L73) -> 0.093098596
A74: MCB-10 | B74: 45638 | C74: 2 | E74: =IF(ISERROR(VLOOKUP(A74,'Controle de Estoque'!A:H,1,FALSE)),"",VLOOKUP(A74,'Controle de Estoque'!A:H,4,FALSE)) -> 177 | G74: =IF(ISBLANK(A74),"",IF(ISERROR(VLOOKUP(A74,'Controle de Estoque'!A:I,1,FALSE)),"Produto não cadastrado",VLOOKUP(A74,'Controle de Estoque'!A:I,2,FALSE))) -> 1SFA611610R1001 | I74: VINICIUS | J74: =IF(M74<=0.8,"A",IF(M74<=0.95,"B","C")) -> A | K74: =SUMIF($A:$A,A74,$C:$C) -> 218 | L74: =K74/SUM($K$3:$K$847) -> 0.0071337413 | M74: =SUM($L$3:L74) -> 0.10023234
A75: CL-523L | B75: 45638 | C75: 2 | E75: =IF(ISERROR(VLOOKUP(A75,'Controle de Estoque'!A:H,1,FALSE)),"",VLOOKUP(A75,'Controle de Estoque'!A:H,4,FALSE)) -> 0 | G75: =IF(ISBLANK(A75),"",IF(ISERROR(VLOOKUP(A75,'Controle de Estoque'!A:I,1,FALSE)),"Produto não cadastrado",VLOOKUP(A75,'Controle de Estoque'!A:I,2,FALSE))) -> 1SFA619402R5234 | I75: VINICIUS | J75: =IF(M75<=0.8,"A",IF(M75<=0.95,"B","C")) -> A | K75: =SUMIF($A:$A,A75,$C:$C) -> 2 | L75: =K75/SUM($K$3:$K$847) -> 6.5447168e-05 | M75: =SUM($L$3:L75) -> 0.10029778
A76: C2SS2-10B-10 | B76: 45638 | C76: 2 | E76: =IF(ISERROR(VLOOKUP(A76,'Controle de Estoque'!A:H,1,FALSE)),"",VLOOKUP(A76,'Controle de Estoque'!A:H,4,FALSE)) -> 8 | G76: =IF(ISBLANK(A76),"",IF(ISERROR(VLOOKUP(A76,'Controle de Estoque'!A:I,1,FALSE)),"Produto não cadastrado",VLOOKUP(A76,'Controle de Estoque'!A:I,2,FALSE))) -> 1SFA619201R1016 | I76: VINICIUS | J76: =IF(M76<=0.8,"A",IF(M76<=0.95,"B","C")) -> A | K76: =SUMIF($A:$A,A76,$C:$C) -> 2 | L76: =K76/SUM($K$3:$K$847) -> 6.5447168e-05 | M76: =SUM($L$3:L76) -> 0.10036323
A77: CA5X-10 | B77: 45638 | C77: 4 | E77: =IF(ISERROR(VLOOKUP(A77,'Controle de Estoque'!A:H,1,FALSE)),"",VLOOKUP(A77,'Controle de Estoque'!A:H,4,FALSE)) -> 116 | G77: =IF(ISBLANK(A77),"",IF(ISERROR(VLOOKUP(A77,'Controle de Estoque'!A:I,1,FALSE)),"Produto não cadastrado",VLOOKUP(A77,'Controle de Estoque'!A:I,2,FALSE))) -> 1SBN019010R1010 | I77: PAINEL(LUCAS) | J77: =IF(M77<=0.8,"A",IF(M77<=0.95,"B","C")) -> A | K77: =SUMIF($A:$A,A77,$C:$C) -> 23 | L77: =K77/SUM($K$3:$K$847) -> 0.00075264243 | M77: =SUM($L$3:L77) -> 0.10111587
... A81: N0102NG | B81: 45687 | C81: 1 | E81: =IF(ISERROR(VLOOKUP(A81,'Controle de Estoque'!A:H,1,FALSE)),"",VLOOKUP(A81,'Controle de Estoque'!A:H,4,FALSE)) -> 45 | G81: =IF(ISBLANK(A81),"",IF(ISERROR(VLOOKUP(A81,'Controle de Estoque'!A:I,1,FALSE)),"Produto não cadastrado",VLOOKUP(A81,'Controle de Estoque'!A:I,2,FALSE))) -> 2CLA010200N1502 | I81: WEDO | J81: =IF(M81<=0.8,"A",IF(M81<=0.95,"B","C")) -> A | K81: =SUMIF($A:$A,A81,$C:$C) -> 7 | L81: =K81/SUM($K$3:$K$847) -> 0.00022906509 | M81: =SUM($L$3:L81) -> 0.10455185
A82: AX09-30-10-81 | B82: 45692 | C82: 2 | E82: =IF(ISERROR(VLOOKUP(A82,'Controle de Estoque'!A:H,1,FALSE)),"",VLOOKUP(A82,'Controle de Estoque'!A:H,4,FALSE)) -> 10 | G82: =IF(ISBLANK(A82),"",IF(ISERROR(VLOOKUP(A82,'Controle de Estoque'!A:I,1,FALSE)),"Produto não cadastrado",VLOOKUP(A82,'Controle de Estoque'!A:I,2,FALSE))) -> 1SBL901074R8110 | J82: =IF(M82<=0.8,"A",IF(M82<=0.95,"B","C")) -> A | K82: =SUMIF($A:$A,A82,$C:$C) -> 5 | L82: =K82/SUM($K$3:$K$847) -> 0.00016361792 | M82: =SUM($L$3:L82) -> 0.10471547
A83: SJ203T-C32 | B83: 45700 | C83: 1 | E83: =IF(ISERROR(VLOOKUP(A83,'Controle de Estoque'!A:H,1,FALSE)),"",VLOOKUP(A83,'Controle de Estoque'!A:H,4,FALSE)) -> 39 | G83: =IF(ISBLANK(A83),"",IF(ISERROR(VLOOKUP(A83,'Controle de Estoque'!A:I,1,FALSE)),"Produto não cadastrado",VLOOKUP(A83,'Controle de Estoque'!A:I,2,FALSE))) -> 2TAZ144300R0324 | J83: =IF(M83<=0.8,"A",IF(M83<=0.95,"B","C")) -> A | K83: =SUMIF($A:$A,A83,$C:$C) -> 15 | L83: =K83/SUM($K$3:$K$847) -> 0.00049085376 | M83: =SUM($L$3:L83) -> 0.10520632
A84: MSHDLB | B84: 45714 | C84: 1 | E84: =IF(ISERROR(VLOOKUP(A84,'Controle de Estoque'!A:H,1,FALSE)),"",VLOOKUP(A84,'Controle de Estoque'!A:H,4,FALSE)) -> 19 | I84: PAINEL | J84: =IF(M84<=0.8,"A",IF(M84<=0.95,"B","C")) -> A | K84: =SUMIF($A:$A,A84,$C:$C) -> 14 | L84: =K84/SUM($K$3:$K$847) -> 0.00045813017 | M84: =SUM($L$3:L84) -> 0.10566445
A85: MS132-4.0 | B85: 45714 | C85: 1 | E85: =IF(ISERROR(VLOOKUP(A85,'Controle de Estoque'!A:H,1,FALSE)),"",VLOOKUP(A85,'Controle de Estoque'!A:H,4,FALSE)) -> 5 | I85: PAINEL | J85: =IF(M85<=0.8,"A",IF(M85<=0.95,"B","C")) -> A | K85: =SUMIF($A:$A,A85,$C:$C) -> 7 | L85: =K85/SUM($K$3:$K$847) -> 0.00022906509 | M85: =SUM($L$3:L85) -> 0.10589352
A86: N1136.2NPT | B86: 45723 | C86: 9 | E86: =IF(ISERROR(VLOOKUP(A86,'Controle de Estoque'!A:H,1,FALSE)),"",VLOOKUP(A86,'Controle de Estoque'!A:H,4,FALSE)) -> 0 | G86: =IF(ISBLANK(A86),"",IF(ISERROR(VLOOKUP(A86,'Controle de Estoque'!A:I,1,FALSE)),"Produto não cadastrado",VLOOKUP(A86,'Controle de Estoque'!A:I,2,FALSE))) -> 2CLA113620N1614S | H86: =IF(ISERROR(VLOOKUP(A86,'Controle de Estoque'!A:I,1,FALSE)),"",VLOOKUP(A86,'Controle de Estoque'!A:I,3,FALSE)) -> I 10 | J86: =IF(M86<=0.8,"A",IF(M86<=0.95,"B","C")) -> A | K86: =SUMIF($A:$A,A86,$C:$C) -> 88 | L86: =K86/SUM($K$3:$K$847) -> 0.0028796754 | M86: =SUM($L$3:L86) -> 0.10877319
A87: PSR25-600-70 | B87: 45742 | C87: 1 | E87: =IF(ISERROR(VLOOKUP(A87,'Controle de Estoque'!A:H,1,FALSE)),"",VLOOKUP(A87,'Controle de Estoque'!A:H,4,FALSE)) -> 2 | G87: =IF(ISBLANK(A87),"",IF(ISERROR(VLOOKUP(A87,'Controle de Estoque'!A:I,1,FALSE)),"Produto não cadastrado",VLOOKUP(A87,'Controle de Estoque'!A:I,2,FALSE))) -> 1SFA896108R7000 | H87: =IF(ISERROR(VLOOKUP(A87,'Controle de Estoque'!A:I,1,FALSE)),"",VLOOKUP(A87,'Controle de Estoque'!A:I,3,FALSE)) -> D 36 | J87: =IF(M87<=0.8,"A",IF(M87<=0.95,"B","C")) -> A | K87: =SUMIF($A:$A,A87,$C:$C) -> 3 | L87: =K87/SUM($K$3:$K$847) -> 9.8170752e-05 | M87: =SUM($L$3:L87) -> 0.10887136
A88: DPMP-EXT | B88: 45743 | C88: 1 | E88: =IF(ISERROR(VLOOKUP(A88,'Controle de Estoque'!A:H,1,FALSE)),"",VLOOKUP(A88,'Controle de Estoque'!A:H,4,FALSE)) -> 1 | G88: =IF(ISBLANK(A88),"",IF(ISERROR(VLOOKUP(A88,'Controle de Estoque'!A:I,1,FALSE)),"Produto não cadastrado",VLOOKUP(A88,'Controle de Estoque'!A:I,2,FALSE))) -> 3AXD50000010763 | H88: =IF(ISERROR(VLOOKUP(A88,'Controle de Estoque'!A:I,1,FALSE)),"",VLOOKUP(A88,'Controle de Estoque'!A:I,3,FALSE)) -> C 04 | J88: =IF(M88<=0.8,"A",IF(M88<=0.95,"B","C")) -> A | K88: =SUMIF($A:$A,A88,$C:$C) -> 13 | L88: =K88/SUM($K$3:$K$847) -> 0.00042540659 | M88: =SUM($L$3:L88) -> 0.10929677
A89: HKF1-11 | B89: 45775 | C89: 2 | E89: =IF(ISERROR(VLOOKUP(A89,'Controle de Estoque'!A:H,1,FALSE)),"",VLOOKUP(A89,'Controle de Estoque'!A:H,4,FALSE)) -> 31 | G89: =IF(ISBLANK(A89),"",IF(ISERROR(VLOOKUP(A89,'Controle de Estoque'!A:I,1,FALSE)),"Produto não cadastrado",VLOOKUP(A89,'Controle de Estoque'!A:I,2,FALSE))) -> 1SAM201901R1001 | J89: =IF(M89<=0.8,"A",IF(M89<=0.95,"B","C")) -> A | K89: =SUMIF($A:$A,A89,$C:$C) -> 51 | L89: =K89/SUM($K$3:$K$847) -> 0.0016689028 | M89: =SUM($L$3:L89) -> 0.11096567
A90: 800FALP | B90: 45775 | C90: 14 | E90: =IF(ISERROR(VLOOKUP(A90,'Controle de Estoque'!A:H,1,FALSE)),"",VLOOKUP(A90,'Controle de Estoque'!A:H,4,FALSE)) -> 14 | G90: =IF(ISBLANK(A90),"",IF(ISERROR(VLOOKUP(A90,'Controle de Estoque'!A:I,1,FALSE)),"Produto não cadastrado",VLOOKUP(A90,'Controle de Estoque'!A:I,2,FALSE))) -> 800FALP | J90: =IF(M90<=0.8,"A",IF(M90<=0.95,"B","C")) -> A | K90: =SUMIF($A:$A,A90,$C:$C) -> 99 | L90: =K90/SUM($K$3:$K$847) -> 0.0032396348 | M90: =SUM($L$3:L90) -> 0.11420531
A91: 1783SFP100FX | B91: 45775 | C91: 2 | E91: =IF(ISERROR(VLOOKUP(A91,'Controle de Estoque'!A:H,1,FALSE)),"",VLOOKUP(A91,'Controle de Estoque'!A:H,4,FALSE)) -> 3 | G91: =IF(ISBLANK(A91),"",IF(ISERROR(VLOOKUP(A91,'Controle de Estoque'!A:I,1,FALSE)),"Produto não cadastrado",VLOOKUP(A91,'Controle de Estoque'!A:I,2,FALSE))) -> 1783SFP100FX | J91: =IF(M91<=0.8,"A",IF(M91<=0.95,"B","C")) -> A | K91: =SUMIF($A:$A,A91,$C:$C) -> 2 | L91: =K91/SUM($K$3:$K$847) -> 6.5447168e-05 | M91: =SUM($L$3:L91) -> 0.11427075
A92: MOTOR 220…250V CA/CC | B92: 45792 | C92: 2 | E92: =IF(ISERROR(VLOOKUP(A92,'Controle de Estoque'!A:H,1,FALSE)),"",VLOOKUP(A92,'Controle de Estoque'!A:H,4,FALSE)) -> 1 | G92: =IF(ISBLANK(A92),"",IF(ISERROR(VLOOKUP(A92,'Controle de Estoque'!A:I,1,FALSE)),"Produto não cadastrado",VLOOKUP(A92,'Controle de Estoque'!A:I,2,FALSE))) -> 1SDA038324R1 | J92: =IF(M92<=0.8,"A",IF(M92<=0.95,"B","C")) -> A | K92: =SUMIF($A:$A,A92,$C:$C) -> 4 | L92: =K92/SUM($K$3:$K$847) -> 0.00013089434 | M92: =SUM($L$3:L92) -> 0.11440165
A93: ACS-CP-C | B93: 45792 | C93: 4 | E93: =IF(ISERROR(VLOOKUP(A93,'Controle de Estoque'!A:H,1,FALSE)),"",VLOOKUP(A93,'Controle de Estoque'!A:H,4,FALSE)) -> 9 | G93: =IF(ISBLANK(A93),"",IF(ISERROR(VLOOKUP(A93,'Controle de Estoque'!A:I,1,FALSE)),"Produto não cadastrado",VLOOKUP(A93,'Controle de Estoque'!A:I,2,FALSE))) -> ACS-CP-C | J93: =IF(M93<=0.8,"A",IF(M93<=0.95,"B","C")) -> A | K93: =SUMIF($A:$A,A93,$C:$C) -> 73 | L93: =K93/SUM($K$3:$K$847) -> 0.0023888216 | M93: =SUM($L$3:L93) -> 0.11679047
A94: ACS355-03E-05A6-4 | B94: 45792 | C94: 1 | E94: =IF(ISERROR(VLOOKUP(A94,'Controle de Estoque'!A:H,1,FALSE)),"",VLOOKUP(A94,'Controle de Estoque'!A:H,4,FALSE)) -> 0 | G94: =IF(ISBLANK(A94),"",IF(ISERROR(VLOOKUP(A94,'Controle de Estoque'!A:I,1,FALSE)),"Produto não cadastrado",VLOOKUP(A94,'Controle de Estoque'!A:I,2,FALSE))) -> ACS355-03E-05A6-4 | J94: =IF(M94<=0.8,"A",IF(M94<=0.95,"B","C")) -> A | K94: =SUMIF($A:$A,A94,$C:$C) -> 1 | L94: =K94/SUM($K$3:$K$847) -> 3.2723584e-05 | M94: =SUM($L$3:L94) -> 0.11682319
A95: RHEXT2-XT4 | B95: 45810 | C95: 1 | E95: =IF(ISERROR(VLOOKUP(A95,'Controle de Estoque'!A:H,1,FALSE)),"",VLOOKUP(A95,'Controle de Estoque'!A:H,4,FALSE)) -> 1 | G95: =IF(ISBLANK(A95),"",IF(ISERROR(VLOOKUP(A95,'Controle de Estoque'!A:I,1,FALSE)),"Produto não cadastrado",VLOOKUP(A95,'Controle de Estoque'!A:I,2,FALSE))) -> 1SDA069055R1 | J95: =IF(M95<=0.8,"A",IF(M95<=0.95,"B","C")) -> A | K95: =SUMIF($A:$A,A95,$C:$C) -> 3 | L95: =K95/SUM($K$3:$K$847) -> 9.8170752e-05 | M95: =SUM($L$3:L95) -> 0.11692137
A96: MS116-16 | B96: 45817 | C96: 2 | E96: =IF(ISERROR(VLOOKUP(A96,'Controle de Estoque'!A:H,1,FALSE)),"",VLOOKUP(A96,'Controle de Estoque'!A:H,4,FALSE)) -> 0 | G96: =IF(ISBLANK(A96),"",IF(ISERROR(VLOOKUP(A96,'Controle de Estoque'!A:I,1,FALSE)),"Produto não cadastrado",VLOOKUP(A96,'Controle de Estoque'!A:I,2,FALSE))) -> 1SAM250000R1011 | J96: =IF(M96<=0.8,"A",IF(M96<=0.95,"B","C")) -> A | K96: =SUMIF($A:$A,A96,$C:$C) -> 11 | L96: =K96/SUM($K$3:$K$847) -> 0.00035995942 | M96: =SUM($L$3:L96) -> 0.11728132
A97: E91/50 | B97: 45817 | C97: 3 | E97: =IF(ISERROR(VLOOKUP(A97,'Controle de Estoque'!A:H,1,FALSE)),"",VLOOKUP(A97,'Controle de Estoque'!A:H,4,FALSE)) -> 0 | G97: =IF(ISBLANK(A97),"",IF(ISERROR(VLOOKUP(A97,'Controle de Estoque'!A:I,1,FALSE)),"Produto não cadastrado",VLOOKUP(A97,'Controle de Estoque'!A:I,2,FALSE))) -> 2CSM279022R1801 | J97: =IF(M97<=0.8,"A",IF(M97<=0.95,"B","C")) -> A | K97: =SUMIF($A:$A,A97,$C:$C) -> 8 | L97: =K97/SUM($K$3:$K$847) -> 0.00026178867 | M97: =SUM($L$3:L97) -> 0.11754311
A98: ACS580-01-039A-4 | B98: 45824 | C98: 1 | E98: =IF(ISERROR(VLOOKUP(A98,'Controle de Estoque'!A:H,1,FALSE)),"",VLOOKUP(A98,'Controle de Estoque'!A:H,4,FALSE)) -> 3 | G98: =IF(ISBLANK(A98),"",IF(ISERROR(VLOOKUP(A98,'Controle de Estoque'!A:I,1,FALSE)),"Produto não cadastrado",VLOOKUP(A98,'Controle de Estoque'!A:I,2,FALSE))) -> ACS580-01-039A-4 | J98: =IF(M98<=0.8,"A",IF(M98<=0.95,"B","C")) -> A | K98: =SUMIF($A:$A,A98,$C:$C) -> 3 | L98: =K98/SUM($K$3:$K$847) -> 9.8170752e-05 | M98: =SUM($L$3:L98) -> 0.11764128
A99: DPMP-EXT | B99: 45826 | C99: 4 | E99: =IF(ISERROR(VLOOKUP(A99,'Controle de Estoque'!A:H,1,FALSE)),"",VLOOKUP(A99,'Controle de Estoque'!A:H,4,FALSE)) -> 1 | G99: =IF(ISBLANK(A99),"",IF(ISERROR(VLOOKUP(A99,'Controle de Estoque'!A:I,1,FALSE)),"Produto não cadastrado",VLOOKUP(A99,'Controle de Estoque'!A:I,2,FALSE))) -> 3AXD50000010763 | J99: =IF(M99<=0.8,"A",IF(M99<=0.95,"B","C")) -> A | K99: =SUMIF($A:$A,A99,$C:$C) -> 13 | L99: =K99/SUM($K$3:$K$847) -> 0.00042540659 | M99: =SUM($L$3:L99) -> 0.11806669
A100: 700TBR224 | B100: 45833 | C100: 3 | E100: =IF(ISERROR(VLOOKUP(A100,'Controle de Estoque'!A:H,1,FALSE)),"",VLOOKUP(A100,'Controle de Estoque'!A:H,4,FALSE)) -> 0 | G100: =IF(ISBLANK(A100),"",IF(ISERROR(VLOOKUP(A100,'Controle de Estoque'!A:I,1,FALSE)),"Produto não cadastrado",VLOOKUP(A100,'Controle de Estoque'!A:I,2,FALSE))) -> 700TBR224 | J100: =IF(M100<=0.8,"A",IF(M100<=0.95,"B","C")) -> A | K100: =SUMIF($A:$A,A100,$C:$C) -> 22 | L100: =K100/SUM($K$3:$K$847) -> 0.00071991885 | M100: =SUM($L$3:L100) -> 0.11878661
A101: 700TBR2110 | B101: 45833 | C101: 3 | E101: =IF(ISERROR(VLOOKUP(A101,'Controle de Estoque'!A:H,1,FALSE)),"",VLOOKUP(A101,'Controle de Estoque'!A:H,4,FALSE)) -> 1 | G101: =IF(ISBLANK(A101),"",IF(ISERROR(VLOOKUP(A101,'Controle de Estoque'!A:I,1,FALSE)),"Produto não cadastrado",VLOOKUP(A101,'Controle de Estoque'!A:I,2,FALSE))) -> 700TBR2110 | J101: =IF(M101<=0.8,"A",IF(M101<=0.95,"B","C")) -> A | K101: =SUMIF($A:$A,A101,$C:$C) -> 3 | L101: =K101/SUM($K$3:$K$847) -> 9.8170752e-05 | M101: =SUM($L$3:L101) -> 0.11888478
A102: OXS6X180 | B102: 45834 | C102: 6 | E102: =IF(ISERROR(VLOOKUP(A102,'Controle de Estoque'!A:H,1,FALSE)),"",VLOOKUP(A102,'Controle de Estoque'!A:H,4,FALSE)) -> 5 | I102: PAINEL | J102: =IF(M102<=0.8,"A",IF(M102<=0.95,"B","C")) -> A | K102: =SUMIF($A:$A,A102,$C:$C) -> 12 | L102: =K102/SUM($K$3:$K$847) -> 0.00039268301 | M102: =SUM($L$3:L102) -> 0.11927746
A103: 3AUA0000097468 | B103: 45834 | C103: 1 | E103: =IF(ISERROR(VLOOKUP(A103,'Controle de Estoque'!A:H,1,FALSE)),"",VLOOKUP(A103,'Controle de Estoque'!A:H,4,FALSE)) -> 0 | I103: gustavo md | J103: =IF(M103<=0.8,"A",IF(M103<=0.95,"B","C")) -> A | K103: =SUMIF($A:$A,A103,$C:$C) -> 1 | L103: =K103/SUM($K$3:$K$847) -> 3.2723584e-05 | M103: =SUM($L$3:L103) -> 0.11931019
A104: 64650424 | B104: 45834 | C104: 1 | E104: =IF(ISERROR(VLOOKUP(A104,'Controle de Estoque'!A:H,1,FALSE)),"",VLOOKUP(A104,'Controle de Estoque'!A:H,4,FALSE)) -> 1 | I104: gustavo md | J104: =IF(M104<=0.8,"A",IF(M104<=0.95,"B","C")) -> A | K104: =SUMIF($A:$A,A104,$C:$C) -> 1 | L104: =K104/SUM($K$3:$K$847) -> 3.2723584e-05 | M104: =SUM($L$3:L104) -> 0.11934291
A105: CM-PVS.41S | B105: 45882 | C105: 1 | E105: =IF(ISERROR(VLOOKUP(A105,'Controle de Estoque'!A:H,1,FALSE)),"",VLOOKUP(A105,'Controle de Estoque'!A:H,4,FALSE)) -> 1 | J105: =IF(M105<=0.8,"A",IF(M105<=0.95,"B","C")) -> A | K105: =SUMIF($A:$A,A105,$C:$C) -> 2 | L105: =K105/SUM($K$3:$K$847) -> 6.5447168e-05 | M105: =SUM($L$3:L105) -> 0.11940836
A106: MS132-6.3 | B106: 45901 | C106: 1 | E106: =IF(ISERROR(VLOOKUP(A106,'Controle de Estoque'!A:H,1,FALSE)),"",VLOOKUP(A106,'Controle de Estoque'!A:H,4,FALSE)) -> 0 | J106: =IF(M106<=0.8,"A",IF(M106<=0.95,"B","C")) -> A | K106: =SUMIF($A:$A,A106,$C:$C) -> 18 | L106: =K106/SUM($K$3:$K$847) -> 0.00058902451 | M106: =SUM($L$3:L106) -> 0.11999738
A107: SJ202T-C25 | B107: 45936 | C107: 6 | E107: =IF(ISERROR(VLOOKUP(A107,'Controle de Estoque'!A:H,1,FALSE)),"",VLOOKUP(A107,'Controle de Estoque'!A:H,4,FALSE)) -> 38 | J107: =IF(M107<=0.8,"A",IF(M107<=0.95,"B","C")) -> A | K107: =SUMIF($A:$A,A107,$C:$C) -> 55 | L107: =K107/SUM($K$3:$K$847) -> 0.0017997971 | M107: =SUM($L$3:L107) -> 0.12179718
A108: SJ202T-C40 | B108: 45936 | C108: 1 | E108: =IF(ISERROR(VLOOKUP(A108,'Controle de Estoque'!A:H,1,FALSE)),"",VLOOKUP(A108,'Controle de Estoque'!A:H,4,FALSE)) -> 4 | I108: WELLINGTON | J108: =IF(M108<=0.8,"A",IF(M108<=0.95,"B","C")) -> A | K108: =SUMIF($A:$A,A108,$C:$C) -> 21 | L108: =K108/SUM($K$3:$K$847) -> 0.00068719526 | M108: =SUM($L$3:L108) -> 0.12248437
A109: ZMU-03 | B109: 45952 | C109: 1 | E109: =IF(ISERROR(VLOOKUP(A109,'Controle de Estoque'!A:H,1,FALSE)),"",VLOOKUP(A109,'Controle de Estoque'!A:H,4,FALSE)) -> 1 | G109: =IF(ISBLANK(A109),"",IF(ISERROR(VLOOKUP(A109,'Controle de Estoque'!A:I,1,FALSE)),"Produto não cadastrado",VLOOKUP(A109,'Controle de Estoque'!A:I,2,FALSE))) -> 3AXD50000223107A | H109: =IF(ISERROR(VLOOKUP(A109,'Controle de Estoque'!A:I,1,FALSE)),"",VLOOKUP(A109,'Controle de Estoque'!A:I,3,FALSE)) -> ARMARIO 01 | J109: =IF(M109<=0.8,"A",IF(M109<=0.95,"B","C")) -> A | K109: =SUMIF($A:$A,A109,$C:$C) -> 3 | L109: =K109/SUM($K$3:$K$847) -> 9.8170752e-05 | M109: =SUM($L$3:L109) -> 0.12258255
A110: XT2N160R40 | B110: 45952 | C110: 1 | E110: =IF(ISERROR(VLOOKUP(A110,'Controle de Estoque'!A:H,1,FALSE)),"",VLOOKUP(A110,'Controle de Estoque'!A:H,4,FALSE)) | G110: =IF(ISBLANK(A110),"",IF(ISERROR(VLOOKUP(A110,'Controle de Estoque'!A:I,1,FALSE)),"Produto não cadastrado",VLOOKUP(A110,'Controle de Estoque'!A:I,2,FALSE))) -> Produto não cadastrado | H110: =IF(ISERROR(VLOOKUP(A110,'Controle de Estoque'!A:I,1,FALSE)),"",VLOOKUP(A110,'Controle de Estoque'!A:I,3,FALSE)) | J110: =IF(M110<=0.8,"A",IF(M110<=0.95,"B","C")) -> A | K110: =SUMIF($A:$A,A110,$C:$C) -> 1 | L110: =K110/SUM($K$3:$K$847) -> 3.2723584e-05 | M110: =SUM($L$3:L110) -> 0.12261527
A111: XT1N160R160 | B111: 45952 | C111: 1 | E111: =IF(ISERROR(VLOOKUP(A111,'Controle de Estoque'!A:H,1,FALSE)),"",VLOOKUP(A111,'Controle de Estoque'!A:H,4,FALSE)) -> 0 | J111: =IF(M111<=0.8,"A",IF(M111<=0.95,"B","C")) -> A | K111: =SUMIF($A:$A,A111,$C:$C) -> 1 | L111: =K111/SUM($K$3:$K$847) -> 3.2723584e-05 | M111: =SUM($L$3:L111) -> 0.12264799
A112: XLP000-6CC | B112: 45952 | C112: 1 | E112: =IF(ISERROR(VLOOKUP(A112,'Controle de Estoque'!A:H,1,FALSE)),"",VLOOKUP(A112,'Controle de Estoque'!A:H,4,FALSE)) -> 6 | G112: =IF(ISBLANK(A112),"",IF(ISERROR(VLOOKUP(A112,'Controle de Estoque'!A:I,1,FALSE)),"Produto não cadastrado",VLOOKUP(A112,'Controle de Estoque'!A:I,2,FALSE))) -> 1SEP201428R0001 | H112: =IF(ISERROR(VLOOKUP(A112,'Controle de Estoque'!A:I,1,FALSE)),"",VLOOKUP(A112,'Controle de Estoque'!A:I,3,FALSE)) -> C 22 | J112: =IF(M112<=0.8,"A",IF(M112<=0.95,"B","C")) -> A | K112: =SUMIF($A:$A,A112,$C:$C) -> 1 | L112: =K112/SUM($K$3:$K$847) -> 3.2723584e-05 | M112: =SUM($L$3:L112) -> 0.12268072
A113: VM96-4 | B113: 45952 | C113: 1 | E113: =IF(ISERROR(VLOOKUP(A113,'Controle de Estoque'!A:H,1,FALSE)),"",VLOOKUP(A113,'Controle de Estoque'!A:H,4,FALSE)) -> 5 | G113: =IF(ISBLANK(A113),"",IF(ISERROR(VLOOKUP(A113,'Controle de Estoque'!A:I,1,FALSE)),"Produto não cadastrado",VLOOKUP(A113,'Controle de Estoque'!A:I,2,FALSE))) -> 1SBN033405T1000 | J113: =IF(M113<=0.8,"A",IF(M113<=0.95,"B","C")) -> A | K113: =SUMIF($A:$A,A113,$C:$C) -> 1 | L113: =K113/SUM($K$3:$K$847) -> 3.2723584e-05 | M113: =SUM($L$3:L113) -> 0.12271344
A114: TU831V1 | B114: 45952 | C114: 1 | E114: =IF(ISERROR(VLOOKUP(A114,'Controle de Estoque'!A:H,1,FALSE)),"",VLOOKUP(A114,'Controle de Estoque'!A:H,4,FALSE)) -> 1 | J114: =IF(M114<=0.8,"A",IF(M114<=0.95,"B","C")) -> A | K114: =SUMIF($A:$A,A114,$C:$C) -> 1 | L114: =K114/SUM($K$3:$K$847) -> 3.2723584e-05 | M114: =SUM($L$3:L114) -> 0.12274616
A115: TRANSDUTOR CORRENTE | B115: 45952 | C115: 1 | E115: =IF(ISERROR(VLOOKUP(A115,'Controle de Estoque'!A:H,1,FALSE)),"",VLOOKUP(A115,'Controle de Estoque'!A:H,4,FALSE)) -> 0 | J115: =IF(M115<=0.8,"A",IF(M115<=0.95,"B","C")) -> A | K115: =SUMIF($A:$A,A115,$C:$C) -> 1 | L115: =K115/SUM($K$3:$K$847) -> 3.2723584e-05 | M115: =SUM($L$3:L115) -> 0.12277889
A116: TCTABX-90-1600/5 | B116: 45952 | C116: 1 | E116: =IF(ISERROR(VLOOKUP(A116,'Controle de Estoque'!A:H,1,FALSE)),"",VLOOKUP(A116,'Controle de Estoque'!A:H,4,FALSE)) -> 3 | G116: =IF(ISBLANK(A116),"",IF(ISERROR(VLOOKUP(A116,'Controle de Estoque'!A:I,1,FALSE)),"Produto não cadastrado",VLOOKUP(A116,'Controle de Estoque'!A:I,2,FALSE))) -> 2CNM519260R1600 | J116: =IF(M116<=0.8,"A",IF(M116<=0.95,"B","C")) -> A | K116: =SUMIF($A:$A,A116,$C:$C) -> 1 | L116: =K116/SUM($K$3:$K$847) -> 3.2723584e-05 | M116: =SUM($L$3:L116) -> 0.12281161
A117: TCTAB-78-800/5 | B117: 45952 | C117: 3 | E117: =IF(ISERROR(VLOOKUP(A117,'Controle de Estoque'!A:H,1,FALSE)),"",VLOOKUP(A117,'Controle de Estoque'!A:H,4,FALSE)) -> 0 | G117: =IF(ISBLANK(A117),"",IF(ISERROR(VLOOKUP(A117,'Controle de Estoque'!A:I,1,FALSE)),"Produto não cadastrado",VLOOKUP(A117,'Controle de Estoque'!A:I,2,FALSE))) -> 2CNM519250R0800 | J117: =IF(M117<=0.8,"A",IF(M117<=0.95,"B","C")) -> A | K117: =SUMIF($A:$A,A117,$C:$C) -> 3 | L117: =K117/SUM($K$3:$K$847) -> 9.8170752e-05 | M117: =SUM($L$3:L117) -> 0.12290978
...

Sheet CONTROLE SN
B3: DATA:05/05/26 | C3: OS :
A4: ITEM | B4: MATERIAL | C4: S/N
A5: 1 | B5: TD190N16SOF | C5: 5081019862
A6: 2 | B6: TD190N16SOF | C6: 3548192751
A7: 3 | B7: TD190N16SOF | C7: 4881019862
A8: 4
A9: 5
A10: 6
A11: 7
A12: 8
A13: 9
A14: 10
A15: 11
A16: 12
A17: 13
A18: 14
A19: 15
... A24: 20

Sheet FOLHA DE SAIDA
A1: SAÍDA DE EQUIPAMENTOS - MULTIDRIVE - 2026 - MARÇO
A2: DATA | B2: HORA | C2: NF | D2: PROCESSO | E2: MATERIAL | F2: CLIENTE | G2: TRANSPORTADORA | H2: NOME | I2: RG/CPF

Sheet MINI D
B1: CÓDIGO | C1: QTD | D1: Q ATUAL | E1: DECRIÇÃO | F1: LOCALIZAÇÃO
B2: N 4100NP | C2: 3 | D2: N | E2: MODULO CEGO 1m | F2: N
B3: N4100BP | C3: 14 | D3: 4 | E3: MODULO CEGO 1m | F3: CA01
B4: N4101.3ABP | C4: 31 | D4: 31 | E4: INTERR. SIMPLES 1m | F4: CA01
B5: N4101.4BP | C5: 26 | D5: 26 | E5: INTERR. 2P 1m | F5: CA10
B6: N4101.4NP | C6: 1 | D6: 1 | E6: INTERR. 2P 1m | F6: CA01
B7: N4101.7BP | C7: 5 | D7: 5 | E7: INTERR. BIPOLAR 20A | F7: CA10
B8: N4101.ABP | C8: 46 | D8: N | E8: INTERR. SIMPLES 1 mod | F8: N
B9: N4101.ANP | C9: 34 | D9: 32 | E9: INTERR. SIMPLES 1mod | F9: CA01
B10: N4102.3ABP | C10: 3 | D10: 3 | E10: INTERR. PARALELO 1m | F10: CA01
B11: N4102ABP | C11: 4 | D11: 3 | E11: INTERR. PARALELO | F11: CA01
B12: N4104.2ABP | C12: 16 | D12: 16 | E12: PULSADOR MINUTERIA | F12: CA03
B13: N4104ABP | C13: 212 | D13: 452 | E13: PULSADOR CAMPAINHA | F13: CA02
B14: N4107BP | C14: 86 | D14: 60 | E14: MODULO SAIDA | F14: CA03
B15: N4107NP | C15: 17 | D15: 17 | E15: MODULO SAIDA DE FIO | F15: CA03
B16: N4110.ABP | C16: 1 | D16: 1 | E16: INTERR. INTERMEIARIO | F16: CA10
B17: N4117BP | C17: 145 | D17: 119 | E17: TOMADA RJ11 | F17: CA01
B18: N4117NP | C18: 6 | D18: N | E18: TOMADA RJ11 | F18: N
B19: N4118.5BP | C19: 176 | D19: 175 | E19: TOMADA RJ45 | F19: CA10
B20: N4118.6BP | C20: 5 | D20: N | E20: TOMADA RJ45 | F20: N
B21: N4119BP | C21: 9 | D21: N | E21: CIGARRA BIVOLT 1m | F21: N
B22: N4136.2NP | C22: 0 | D22: 0 | E22: TOMADA 2P+T 20A | F22: CA07
B23: N4136BP | C23: 381 | D23: 270 | E23: TOMADA 2P+T | F23: CA02
B24: N4150BP | C24: 89 | D24: 89 | E24: TOMADA PARA ANTENA | F24: CA01
B25: N4160.EBP | C25: 4 | D25: 4 | E25: VARIADOR ROTATIVO 220V | F25: CA10
B26: N4160.ENP | C26: 6 | D26: 6 | E26: VARIADOR ROTATIVO 220V | F26: CA01
B27: N4160.LBP | C27: 52 | D27: 52 | E27: VARIADOR ROTATIVO 127V | F27: CA10
B28: N4217.1BP | C28: 10 | D28: 10 | E28: TOMADA TIPO TELEBRAS | F28: CA01
B29: N4370.1BP | C29: 164 | D29: 120 | E29: PLACA CEGA 4X2 | F29: CA06
B30: N4370.1CV | C30: 15 | D30: 15 | E30: PLACA CEGA 4X2 | F30: CA07
B31: N4370.1NP | C31: 6 | D31: 6 | E31: PLACA CEGA 4X2 | F31: CA07
B32: N4370.1WG | C32: 5 | D32: 5 | E32: PLACA CEGA 4X2 | F32: CA07
B33: N4371.1BP | C33: 133 | D33: 96 | E33: PLACA HOR. 1POSTO 4X2 | F33: CA06
... B39: N4371.1WG | C39: 16 | D39: 16 | E39: PLACA HOR. 1POSTO 4X2 | F39: CA05
B40: N4371.9V | C40: 0 | D40: N | E40: SUPORTE 4X2 MODULO VERTICAL | F40: N
B41: N4372.1BP | C41: 5 | D41: 5 | E41: PLACA 2POSTOS 4X2 | F41: CA01
B42: N4372.2BP | C42: 208 | D42: 188 | E42: PLACA 2 POSTOS | F42: CA06
B43: N4372.2CV | C43: 31 | D43: 31 | E43: PLACA 2POSTOS SEPARADOS 4X2 | F43: CA07
B44: N4372.2NP | C44: 13 | D44: 13 | E44: PLACA 2POSTOS SEPARADOS 4X2 | F44: CA07
B45: N4372.2PL | C45: 18 | D45: 18 | E45: PLACA 2POSTOS SEPARADOS 4X2 | F45: CA04
B46: N4372.2WG | C46: 18 | D46: 18 | E46: PLACA 2 POSTOS SEPARADOS 4X2 | F46: CA05
B47: N4373.1BP | C47: 114 | D47: 110 | E47: PLACA 3 POSTOS 4X2 | F47: CA06
B48: N4373.1CV | C48: 9 | D48: N | E48: PALACA 3POSTOS 4X2 | F48: N
B49: N4373.1NP | C49: 31 | D49: 31 | E49: PLACA 3POSTOS 4X2 | F49: CA07
B50: N4373.1PL | C50: 39 | D50: 39 | E50: PLACA 3POSTOS POSTOS 4X2 | F50: CA04
B51: N4373.1WG | C51: 20 | D51: 20 | E51: PLACA 3POSTOS 4X2 | F51: CA05
B52: N4373.9 | C52: 199 | D52: 131 | E52: SUPORTE 4X2 | F52: CA01
B53: N4670BP | C53: 273 | D53: 255 | E53: PLACA CEGA 4X4 | F53: CA03
B54: N4670CV | C54: 7 | D54: 7 | E54: PLACA CEGA 4X4 | F54: CA07
B55: N4670NP | C55: 8 | D55: 8 | E55: PLACA CEGA 4X4 | F55: CA07
B56: N4670PL | C56: 10 | D56: 10 | E56: PLACA 3+3 4X4 ROSA | F56: CA04
B57: N4670WG | C57: 8 | D57: 8 | E57: PLACA CEGA 4X4 | F57: CA05
B58: N4671.1BP | C58: 256 | D58: 250 | E58: PLACA 1+1 POSTOS 4 X4 | F58: CA08
B59: N4671.1CV | C59: 18 | D59: 18 | E59: PLACA 1+1POSTOS 4X4 | F59: CA07
B60: N4671.1NP | C60: 17 | D60: 17 | E60: PLACA 1+1 POSTOS 4X4 | F60: CA07
... B74: N4673.9 | C74: 357 | D74: 328 | E74: SUPORTE 4X4 | F74: CA10
